"Type";"Check";"Check id";"Original items";"Region";"Act";"Missable";"Eligible for key items";"Requires";"Rule reason / note";"Region confidence"
"Endless tower rewards";"Stage 1 Trial 1";"DT_BattleTowerStages#1_1";"Colour of Lumina (Upgrade Material), Grandiose Chroma Catalyst (Upgrade Material)";"Endless Tower";"3";"no";"no";"";"Late game combat challenge (draft decision, can be enabled)";"medium"
"Endless tower rewards";"Stage 1 Trial 2";"DT_BattleTowerStages#1_2";"Colour of Lumina (Upgrade Material), Grandiose Chroma Catalyst (Upgrade Material)";"Endless Tower";"3";"no";"no";"";"Late game combat challenge (draft decision, can be enabled)";"medium"
"Endless tower rewards";"Stage 1 Trial 3";"DT_BattleTowerStages#1_3";"Colour of Lumina (Upgrade Material), Grandiose Chroma Catalyst (Upgrade Material), Greater Defenceless (Pictos)";"Endless Tower";"3";"no";"no";"";"Late game combat challenge (draft decision, can be enabled)";"medium"
"Endless tower rewards";"Stage 2 Trial 1";"DT_BattleTowerStages#2_1";"Colour of Lumina (Upgrade Material), Grandiose Chroma Catalyst (Upgrade Material)";"Endless Tower";"3";"no";"no";"";"Late game combat challenge (draft decision, can be enabled)";"medium"
"Endless tower rewards";"Stage 2 Trial 2";"DT_BattleTowerStages#2_2";"Colour of Lumina (Upgrade Material), Grandiose Chroma Catalyst (Upgrade Material)";"Endless Tower";"3";"no";"no";"";"Late game combat challenge (draft decision, can be enabled)";"medium"
"Endless tower rewards";"Stage 2 Trial 3";"DT_BattleTowerStages#2_3";"Colour of Lumina (Upgrade Material), Grandiose Chroma Catalyst (Upgrade Material), Energising Rush (Pictos)";"Endless Tower";"3";"no";"no";"";"Late game combat challenge (draft decision, can be enabled)";"medium"
"Endless tower rewards";"Stage 3 Trial 1";"DT_BattleTowerStages#3_1";"Colour of Lumina (Upgrade Material), Grandiose Chroma Catalyst (Upgrade Material)";"Endless Tower";"3";"no";"no";"";"Late game combat challenge (draft decision, can be enabled)";"medium"
"Endless tower rewards";"Stage 3 Trial 2";"DT_BattleTowerStages#3_2";"Colour of Lumina (Upgrade Material), Grandiose Chroma Catalyst (Upgrade Material)";"Endless Tower";"3";"no";"no";"";"Late game combat challenge (draft decision, can be enabled)";"medium"
"Endless tower rewards";"Stage 3 Trial 3";"DT_BattleTowerStages#3_3";"Colour of Lumina (Upgrade Material), Grandiose Chroma Catalyst (Upgrade Material), Clea (Lune Haircut)";"Endless Tower";"3";"no";"no";"";"Late game combat challenge (draft decision, can be enabled)";"medium"
"Endless tower rewards";"Stage 4 Trial 1";"DT_BattleTowerStages#4_1";"Colour of Lumina (Upgrade Material), Grandiose Chroma Catalyst (Upgrade Material)";"Endless Tower";"3";"no";"no";"";"Late game combat challenge (draft decision, can be enabled)";"medium"
"Endless tower rewards";"Stage 4 Trial 2";"DT_BattleTowerStages#4_2";"Colour of Lumina (Upgrade Material), Grandiose Chroma Catalyst (Upgrade Material)";"Endless Tower";"3";"no";"no";"";"Late game combat challenge (draft decision, can be enabled)";"medium"
"Endless tower rewards";"Stage 4 Trial 3";"DT_BattleTowerStages#4_3";"Colour of Lumina (Upgrade Material), Grandiose Chroma Catalyst (Upgrade Material), Time Tint (Pictos), Double Braid White (Maelle Haircut)";"Endless Tower";"3";"no";"no";"";"Late game combat challenge (draft decision, can be enabled)";"medium"
"Endless tower rewards";"Stage 5 Trial 1";"DT_BattleTowerStages#5_1";"Colour of Lumina (Upgrade Material), Grandiose Chroma Catalyst (Upgrade Material)";"Endless Tower";"3";"no";"no";"";"Late game combat challenge (draft decision, can be enabled)";"medium"
"Endless tower rewards";"Stage 5 Trial 2";"DT_BattleTowerStages#5_2";"Colour of Lumina (Upgrade Material), Grandiose Chroma Catalyst (Upgrade Material)";"Endless Tower";"3";"no";"no";"";"Late game combat challenge (draft decision, can be enabled)";"medium"
"Endless tower rewards";"Stage 5 Trial 3";"DT_BattleTowerStages#5_3";"Colour of Lumina (Upgrade Material), Grandiose Chroma Catalyst (Upgrade Material), Charging Critical (Pictos), Rebellious White (Lune Haircut)";"Endless Tower";"3";"no";"no";"";"Late game combat challenge (draft decision, can be enabled)";"medium"
"Endless tower rewards";"Stage 6 Trial 1";"DT_BattleTowerStages#6_1";"Colour of Lumina (Upgrade Material), Grandiose Chroma Catalyst (Upgrade Material)";"Endless Tower";"3";"no";"no";"";"Late game combat challenge (draft decision, can be enabled)";"medium"
"Endless tower rewards";"Stage 6 Trial 2";"DT_BattleTowerStages#6_2";"Colour of Lumina (Upgrade Material), Grandiose Chroma Catalyst (Upgrade Material)";"Endless Tower";"3";"no";"no";"";"Late game combat challenge (draft decision, can be enabled)";"medium"
"Endless tower rewards";"Stage 6 Trial 3";"DT_BattleTowerStages#6_3";"Colour of Lumina (Upgrade Material), Grandiose Chroma Catalyst (Upgrade Material), Critical Weakness (Pictos), Messy Bun White (Sciel Haircut)";"Endless Tower";"3";"no";"no";"";"Late game combat challenge (draft decision, can be enabled)";"medium"
"Endless tower rewards";"Stage 7 Trial 1";"DT_BattleTowerStages#7_1";"Colour of Lumina (Upgrade Material), Grandiose Chroma Catalyst (Upgrade Material)";"Endless Tower";"3";"no";"no";"";"Late game combat challenge (draft decision, can be enabled)";"medium"
"Endless tower rewards";"Stage 7 Trial 2";"DT_BattleTowerStages#7_2";"Colour of Lumina (Upgrade Material), Grandiose Chroma Catalyst (Upgrade Material)";"Endless Tower";"3";"no";"no";"";"Late game combat challenge (draft decision, can be enabled)";"medium"
"Endless tower rewards";"Stage 7 Trial 3";"DT_BattleTowerStages#7_3";"Colour of Lumina (Upgrade Material), Grandiose Chroma Catalyst (Upgrade Material), Clea (Sciel Haircut), Fueling Break (Pictos)";"Endless Tower";"3";"no";"no";"";"Late game combat challenge (draft decision, can be enabled)";"medium"
"Endless tower rewards";"Stage 8 Trial 1";"DT_BattleTowerStages#8_1";"Colour of Lumina (Upgrade Material), Grandiose Chroma Catalyst (Upgrade Material)";"Endless Tower";"3";"no";"no";"";"Late game combat challenge (draft decision, can be enabled)";"medium"
"Endless tower rewards";"Stage 8 Trial 2";"DT_BattleTowerStages#8_2";"Colour of Lumina (Upgrade Material), Grandiose Chroma Catalyst (Upgrade Material)";"Endless Tower";"3";"no";"no";"";"Late game combat challenge (draft decision, can be enabled)";"medium"
"Endless tower rewards";"Stage 8 Trial 3";"DT_BattleTowerStages#8_3";"Colour of Lumina (Upgrade Material), Grandiose Chroma Catalyst (Upgrade Material), Empowering Tint (Pictos)";"Endless Tower";"3";"no";"no";"";"Late game combat challenge (draft decision, can be enabled)";"medium"
"Endless tower rewards";"Stage 9 Trial 1";"DT_BattleTowerStages#9_1";"Colour of Lumina (Upgrade Material), Grandiose Chroma Catalyst (Upgrade Material)";"Endless Tower";"3";"no";"no";"";"Late game combat challenge (draft decision, can be enabled)";"medium"
"Endless tower rewards";"Stage 9 Trial 2";"DT_BattleTowerStages#9_2";"Colour of Lumina (Upgrade Material), Grandiose Chroma Catalyst (Upgrade Material)";"Endless Tower";"3";"no";"no";"";"Late game combat challenge (draft decision, can be enabled)";"medium"
"Endless tower rewards";"Stage 9 Trial 3";"DT_BattleTowerStages#9_3";"Colour of Lumina (Upgrade Material), Grandiose Chroma Catalyst (Upgrade Material), Rush On Powerful (Pictos), Expedition White (Verso Haircut)";"Endless Tower";"3";"no";"no";"";"Late game combat challenge (draft decision, can be enabled)";"medium"
"Endless tower rewards";"Stage 10 Trial 1";"DT_BattleTowerStages#10_1";"Colour of Lumina (Upgrade Material), Grandiose Chroma Catalyst (Upgrade Material)";"Endless Tower";"3";"no";"no";"";"Late game combat challenge (draft decision, can be enabled)";"medium"
"Endless tower rewards";"Stage 10 Trial 2";"DT_BattleTowerStages#10_2";"Colour of Lumina (Upgrade Material), Grandiose Chroma Catalyst (Upgrade Material)";"Endless Tower";"3";"no";"no";"";"Late game combat challenge (draft decision, can be enabled)";"medium"
"Endless tower rewards";"Stage 10 Trial 3";"DT_BattleTowerStages#10_3";"Colour of Lumina (Upgrade Material), Grandiose Chroma Catalyst (Upgrade Material), Greater Powerless (Pictos)";"Endless Tower";"3";"no";"no";"";"Late game combat challenge (draft decision, can be enabled)";"medium"
"Endless tower rewards";"Stage 11 Trial 1";"DT_BattleTowerStages#11_1";"Colour of Lumina (Upgrade Material), Grandiose Chroma Catalyst (Upgrade Material)";"Endless Tower";"3";"no";"no";"";"Late game combat challenge (draft decision, can be enabled)";"medium"
"Endless tower rewards";"Stage 11 Trial 2";"DT_BattleTowerStages#11_2";"Colour of Lumina (Upgrade Material), Grandiose Chroma Catalyst (Upgrade Material)";"Endless Tower";"3";"no";"no";"";"Late game combat challenge (draft decision, can be enabled)";"medium"
"Endless tower rewards";"Stage 11 Trial 3";"DT_BattleTowerStages#11_3";"Clea (Music Record), Perfect Chroma Catalyst (Upgrade Material), Colour of Lumina (Upgrade Material), Clair (Verso Outfit)";"Endless Tower";"3";"no";"no";"";"Late game combat challenge (draft decision, can be enabled)";"medium"
"Map pickups";"Chest: 02_ArmPicto_Placeholder (Broken Pictos)";"DT_ChestsContent#Chest_Placeholder";"02_ArmPicto_Placeholder (Broken Pictos)";"";"-1";"no";"no";"";"Placeholder chest";""
"Map pickups";"Generic: Chroma Pack - Small (Upgrade Material)";"DT_ChestsContent#Chest_Generic_Chroma";"Chroma Pack - Small (Upgrade Material)";"";"-1";"no";"no";"";"Special chest used by scripts (e.g. starting weapon)";""
"Map pickups";"Generic: Colour of Lumina (Upgrade Material)";"DT_ChestsContent#Chest_Generic_LuminaPoint";"Colour of Lumina (Upgrade Material)";"";"-1";"no";"no";"";"Special chest used by scripts (e.g. starting weapon)";""
"Map pickups";"Generic: Recoat (Upgrade Material)";"DT_ChestsContent#Chest_Generic_Respec";"Recoat (Upgrade Material)";"";"-1";"no";"no";"";"Special chest used by scripts (e.g. starting weapon)";""
"Map pickups";"Generic: Colour of Lumina (Upgrade Material)";"DT_ChestsContent#Chest_Generic_5xLuminaPoint";"Colour of Lumina (Upgrade Material)";"";"-1";"no";"no";"";"Special chest used by scripts (e.g. starting weapon)";""
"Map pickups";"Spring Meadows: Chroma Pack - Small (Upgrade Material)";"DT_ChestsContent#Chest_SpringMeadows_1";"Chroma Pack - Small (Upgrade Material)";"Spring Meadows";"1";"no";"yes";"";"";"high"
"Map pickups";"Spring Meadows: Critical Burn (Pictos)";"DT_ChestsContent#Chest_SpringMeadows_2";"Critical Burn (Pictos)";"Spring Meadows";"1";"no";"yes";"";"";"high"
"Map pickups";"Spring Meadows: Chroma Pack - Small (Upgrade Material)";"DT_ChestsContent#Chest_SpringMeadows_3";"Chroma Pack - Small (Upgrade Material)";"Spring Meadows";"1";"no";"yes";"";"";"high"
"Map pickups";"Spring Meadows: Energy Tint Shard (Upgrade Material)";"DT_ChestsContent#Chest_SpringMeadows_4";"Energy Tint Shard (Upgrade Material)";"Spring Meadows";"1";"no";"yes";"";"";"high"
"Map pickups";"Spring Meadows: Chroma Pack - Normal (Upgrade Material)";"DT_ChestsContent#Chest_SpringMeadows_5";"Chroma Pack - Normal (Upgrade Material)";"Spring Meadows";"1";"no";"yes";"";"";"high"
"Map pickups (loot table chest)";"Chest_SpringMeadows_6";"DT_ChestsContent#Chest_SpringMeadows_6";"Chroma Catalyst (Upgrade Material)";"Spring Meadows";"1";"no";"yes";"";"";"high"
"Map pickups";"Spring Meadows: Chroma Pack - Small (Upgrade Material)";"DT_ChestsContent#Chest_SpringMeadows_7";"Chroma Pack - Small (Upgrade Material)";"Spring Meadows";"1";"no";"yes";"";"";"high"
"Map pickups";"Spring Meadows: Chroma Pack - Small (Upgrade Material)";"DT_ChestsContent#Chest_SpringMeadows_8";"Chroma Pack - Small (Upgrade Material)";"Spring Meadows";"1";"no";"yes";"";"";"high"
"Map pickups";"Spring Meadows: Colour of Lumina (Upgrade Material)";"DT_ChestsContent#Chest_SpringMeadows_9";"Colour of Lumina (Upgrade Material)";"Spring Meadows";"1";"no";"yes";"";"";"high"
"Map pickups";"Spring Meadows: Aegis Revival (Pictos)";"DT_ChestsContent#Chest_SpringMeadows_10";"Aegis Revival (Pictos)";"Spring Meadows";"1";"no";"yes";"";"";"high"
"Map pickups";"Spring Meadows: Colour of Lumina (Upgrade Material)";"DT_ChestsContent#Chest_SpringMeadows_11";"Colour of Lumina (Upgrade Material)";"Spring Meadows";"1";"no";"yes";"";"";"high"
"Map pickups";"Spring Meadows: Colour of Lumina (Upgrade Material)";"DT_ChestsContent#Chest_SpringMeadows_12";"Colour of Lumina (Upgrade Material)";"Spring Meadows";"1";"no";"yes";"";"";"high"
"Map pickups";"Spring Meadows: Dead Energy II (Pictos)";"DT_ChestsContent#Chest_SpringMeadows_13";"Dead Energy II (Pictos)";"Spring Meadows";"1";"no";"yes";"";"";"high"
"Map pickups (loot table chest)";"Chest_SpringMeadows_14";"DT_ChestsContent#Chest_SpringMeadows_14";"Chroma Catalyst (Upgrade Material)";"Spring Meadows";"1";"no";"yes";"";"";"high"
"Map pickups";"Spring Meadows: Colour of Lumina (Upgrade Material)";"DT_ChestsContent#Chest_SpringMeadows_15";"Colour of Lumina (Upgrade Material)";"Spring Meadows";"1";"no";"yes";"";"";"high"
"Map pickups";"Spring Meadows: Resin (Key Item)";"DT_ChestsContent#Chest_SpringMeadows_16";"Resin (Key Item)";"Spring Meadows";"1";"no";"yes";"";"";"high"
"Map pickups";"Spring Meadows: Colour of Lumina (Upgrade Material)";"DT_ChestsContent#Chest_SpringMeadows_17";"Colour of Lumina (Upgrade Material)";"Spring Meadows";"1";"no";"yes";"";"";"high"
"Map pickups";"Spring Meadows: Burning Shots (Pictos)";"DT_ChestsContent#Chest_SpringMeadows_18";"Burning Shots (Pictos)";"Spring Meadows";"1";"no";"yes";"";"";"high"
"Map pickups";"Spring Meadows: Empowering Attack (Pictos)";"DT_ChestsContent#Chest_SpringMeadows_19";"Empowering Attack (Pictos)";"Spring Meadows";"1";"no";"yes";"";"";"high"
"Map pickups";"Spring Meadows: Chroma Pack - Small (Upgrade Material)";"DT_ChestsContent#Chest_SpringMeadows_20";"Chroma Pack - Small (Upgrade Material)";"Spring Meadows";"1";"no";"yes";"";"";"high"
"Map pickups";"Spring Meadows: Colour of Lumina (Upgrade Material)";"DT_ChestsContent#Chest_SpringMeadows_21";"Colour of Lumina (Upgrade Material)";"Spring Meadows";"1";"no";"yes";"";"";"high"
"Map pickups";"Spring Meadows: Chroma Pack - Small (Upgrade Material)";"DT_ChestsContent#Chest_SpringMeadows_22";"Chroma Pack - Small (Upgrade Material)";"Spring Meadows";"1";"no";"yes";"";"";"high"
"Map pickups";"Spring Meadows: Chroma Pack - Small (Upgrade Material)";"DT_ChestsContent#Chest_SpringMeadows_23";"Chroma Pack - Small (Upgrade Material)";"Spring Meadows";"1";"no";"yes";"";"";"high"
"Map pickups (loot table chest)";"Chest_SpringMeadows_24";"DT_ChestsContent#Chest_SpringMeadows_24";"Chroma Catalyst (Upgrade Material)";"Spring Meadows";"1";"no";"yes";"";"";"high"
"Map pickups";"Spring Meadows: Chroma Pack - Large (Upgrade Material)";"DT_ChestsContent#Chest_SpringMeadows_25";"Chroma Pack - Large (Upgrade Material)";"Spring Meadows";"1";"no";"yes";"";"";"high"
"Map pickups";"Spring Meadows: Revive Tint Shard (Upgrade Material)";"DT_ChestsContent#Chest_SpringMeadows_26";"Revive Tint Shard (Upgrade Material)";"Spring Meadows";"1";"no";"yes";"";"";"high"
"Map pickups";"Stone Wave Cliffs: Chroma Pack - Normal (Upgrade Material)";"DT_ChestsContent#Chest_SeaCliff_1";"Chroma Pack - Normal (Upgrade Material)";"Stone Wave Cliffs";"1";"no";"yes";"";"";"high"
"Map pickups";"Stone Wave Cliffs: Rejuvenating Revive (Pictos)";"DT_ChestsContent#Chest_SeaCliff_2";"Rejuvenating Revive (Pictos)";"Stone Wave Cliffs";"1";"no";"yes";"";"";"high"
"Map pickups";"Stone Wave Cliffs: Colour of Lumina (Upgrade Material)";"DT_ChestsContent#Chest_SeaCliff_3";"Colour of Lumina (Upgrade Material)";"Stone Wave Cliffs";"1";"no";"yes";"";"";"high"
"Map pickups";"Stone Wave Cliffs: Coralim (Lune Weapon)";"DT_ChestsContent#Chest_SeaCliff_4";"Coralim (Lune Weapon)";"Stone Wave Cliffs";"1";"no";"yes";"";"";"high"
"Map pickups";"Stone Wave Cliffs: Delaram (Gustave Weapon)";"DT_ChestsContent#Chest_SeaCliff_5";"Delaram (Gustave Weapon)";"Stone Wave Cliffs";"1";"no";"yes";"";"";"high"
"Map pickups";"Stone Wave Cliffs: Chroma Pack - Normal (Upgrade Material)";"DT_ChestsContent#Chest_SeaCliff_6";"Chroma Pack - Normal (Upgrade Material)";"Stone Wave Cliffs";"1";"no";"yes";"";"";"high"
"Map pickups";"Stone Wave Cliffs: Recoat (Upgrade Material)";"DT_ChestsContent#Chest_SeaCliff_7";"Recoat (Upgrade Material)";"Stone Wave Cliffs";"1";"no";"yes";"";"";"high"
"Map pickups";"Stone Wave Cliffs: Healing Tint Shard (Upgrade Material)";"DT_ChestsContent#Chest_SeaCliff_8";"Healing Tint Shard (Upgrade Material)";"Stone Wave Cliffs";"1";"no";"yes";"";"";"high"
"Map pickups";"Stone Wave Cliffs: Breaking Counter (Pictos)";"DT_ChestsContent#Chest_SeaCliff_9";"Breaking Counter (Pictos)";"Stone Wave Cliffs";"1";"no";"yes";"";"";"high"
"Map pickups";"Stone Wave Cliffs: Colour of Lumina (Upgrade Material)";"DT_ChestsContent#Chest_SeaCliff_10";"Colour of Lumina (Upgrade Material)";"Stone Wave Cliffs";"1";"no";"yes";"";"";"high"
"Map pickups";"Stone Wave Cliffs: Healing Tint Energy (Pictos)";"DT_ChestsContent#Chest_SeaCliff_11";"Healing Tint Energy (Pictos)";"Stone Wave Cliffs";"1";"no";"yes";"";"";"high"
"Map pickups";"Stone Wave Cliffs: Duenum (Maelle Weapon)";"DT_ChestsContent#Chest_SeaCliff_12";"Duenum (Maelle Weapon)";"Stone Wave Cliffs";"1";"no";"yes";"";"";"high"
"Map pickups";"Stone Wave Cliffs: Colour of Lumina (Upgrade Material)";"DT_ChestsContent#Chest_SeaCliff_13";"Colour of Lumina (Upgrade Material)";"Stone Wave Cliffs";"1";"no";"yes";"";"";"high"
"Map pickups";"Stone Wave Cliffs: Defensive Mode (Pictos)";"DT_ChestsContent#Chest_SeaCliff_14";"Defensive Mode (Pictos)";"Stone Wave Cliffs";"1";"no";"yes";"";"";"high"
"Map pickups";"Stone Wave Cliffs: Chroma Pack - Small (Upgrade Material)";"DT_ChestsContent#Chest_SeaCliff_15";"Chroma Pack - Small (Upgrade Material)";"Stone Wave Cliffs";"1";"no";"yes";"";"";"high"
"Map pickups";"Stone Wave Cliffs: First Strike (Pictos)";"DT_ChestsContent#Chest_SeaCliff_16";"First Strike (Pictos)";"Stone Wave Cliffs";"1";"no";"yes";"";"";"high"
"Map pickups";"Stone Wave Cliffs: Recoat (Upgrade Material)";"DT_ChestsContent#Chest_SeaCliff_17";"Recoat (Upgrade Material)";"Stone Wave Cliffs";"1";"no";"yes";"";"";"high"
"Map pickups";"Stone Wave Cliffs: Colour of Lumina (Upgrade Material)";"DT_ChestsContent#Chest_SeaCliff_18";"Colour of Lumina (Upgrade Material)";"Stone Wave Cliffs";"1";"no";"yes";"";"";"high"
"Map pickups";"Stone Wave Cliffs: Chroma Pack - Large (Upgrade Material)";"DT_ChestsContent#Chest_SeaCliff_19";"Chroma Pack - Large (Upgrade Material)";"Stone Wave Cliffs";"1";"no";"yes";"";"";"high"
"Map pickups";"Stone Wave Cliffs: Energy Tint Shard (Upgrade Material)";"DT_ChestsContent#Chest_SeaCliff_20";"Energy Tint Shard (Upgrade Material)";"Stone Wave Cliffs";"1";"no";"yes";"";"";"high"
"Map pickups";"Stone Wave Cliffs: Chroma Pack - Small (Upgrade Material)";"DT_ChestsContent#Chest_SeaCliff_21";"Chroma Pack - Small (Upgrade Material)";"Stone Wave Cliffs";"1";"no";"yes";"";"";"high"
"Map pickups";"Stone Wave Cliffs: Colour of Lumina (Upgrade Material)";"DT_ChestsContent#Chest_SeaCliff_22";"Colour of Lumina (Upgrade Material)";"Stone Wave Cliffs";"1";"no";"yes";"";"";"high"
"Map pickups";"Stone Wave Cliffs: Chroma Pack - Small (Upgrade Material)";"DT_ChestsContent#Chest_SeaCliff_23";"Chroma Pack - Small (Upgrade Material)";"Stone Wave Cliffs";"1";"no";"yes";"";"";"high"
"Map pickups";"Stone Wave Cliffs: Chroma Pack - Small (Upgrade Material)";"DT_ChestsContent#Chest_SeaCliff_24";"Chroma Pack - Small (Upgrade Material)";"Stone Wave Cliffs";"1";"no";"yes";"";"";"high"
"Map pickups";"Stone Wave Cliffs: SOS Power (Pictos)";"DT_ChestsContent#Chest_SeaCliff_25";"SOS Power (Pictos)";"Stone Wave Cliffs";"1";"no";"yes";"";"";"high"
"Map pickups (loot table chest)";"Chest_SeaCliff_26";"DT_ChestsContent#Chest_SeaCliff_26";"Chroma Catalyst (Upgrade Material)";"Stone Wave Cliffs";"1";"no";"yes";"";"";"high"
"Map pickups (loot table chest)";"Chest_SeaCliff_27";"DT_ChestsContent#Chest_SeaCliff_27";"Chroma Catalyst (Upgrade Material)";"Stone Wave Cliffs";"1";"no";"yes";"";"";"high"
"Map pickups";"Stone Wave Cliffs: Colour of Lumina (Upgrade Material)";"DT_ChestsContent#Chest_SeaCliff_28";"Colour of Lumina (Upgrade Material)";"Stone Wave Cliffs";"1";"no";"yes";"";"";"high"
"Map pickups";"Stone Wave Cliffs: Revive Tint Shard (Upgrade Material)";"DT_ChestsContent#Chest_SeaCliff_29";"Revive Tint Shard (Upgrade Material)";"Stone Wave Cliffs";"1";"no";"yes";"";"";"high"
"Map pickups";"Stone Wave Cliffs: Breaking Shots (Pictos)";"DT_ChestsContent#Chest_SeaCliff_30";"Breaking Shots (Pictos)";"Stone Wave Cliffs";"1";"no";"yes";"";"";"high"
"Map pickups";"Stone Wave Cliffs: Colour of Lumina (Upgrade Material)";"DT_ChestsContent#Chest_SeaCliff_31";"Colour of Lumina (Upgrade Material)";"Stone Wave Cliffs";"1";"no";"yes";"";"";"high"
"Map pickups";"Stone Wave Cliffs: Chroma Pack - Large (Upgrade Material)";"DT_ChestsContent#Chest_SeaCliff_32";"Chroma Pack - Large (Upgrade Material)";"Stone Wave Cliffs";"1";"no";"yes";"";"";"high"
"Map pickups";"Stone Wave Cliffs: Enfeebling Mark (Pictos)";"DT_ChestsContent#Chest_SeaCliff_33";"Enfeebling Mark (Pictos)";"Stone Wave Cliffs";"1";"no";"yes";"";"";"high"
"Map pickups";"Stone Wave Cliffs: Chroma Pack - Large (Upgrade Material)";"DT_ChestsContent#Chest_SeaCliff_34";"Chroma Pack - Large (Upgrade Material)";"Stone Wave Cliffs";"1";"no";"yes";"";"";"high"
"Map pickups";"Stone Wave Cliffs: Colour of Lumina (Upgrade Material)";"DT_ChestsContent#Chest_SeaCliff_35";"Colour of Lumina (Upgrade Material)";"Stone Wave Cliffs";"1";"no";"yes";"";"";"high"
"Map pickups";"Stone Wave Cliffs: Colour of Lumina (Upgrade Material)";"DT_ChestsContent#Chest_SeaCliff_36";"Colour of Lumina (Upgrade Material)";"Stone Wave Cliffs";"1";"no";"yes";"";"";"high"
"Map pickups";"Stone Wave Cliffs: Auto Shell (Pictos)";"DT_ChestsContent#Chest_SeaCliff_37";"Auto Shell (Pictos)";"Stone Wave Cliffs";"1";"no";"yes";"";"";"high"
"Map pickups";"Stone Wave Cliffs: Rock Crystal (Key Item)";"DT_ChestsContent#Chest_SeaCliff_38";"Rock Crystal (Key Item)";"Stone Wave Cliffs";"1";"no";"yes";"";"";"high"
"Map pickups";"Stone Wave Cliffs: Gustave (Music Record)";"DT_ChestsContent#Chest_SeaCliff_39";"Gustave (Music Record)";"Stone Wave Cliffs";"1";"no";"yes";"";"";"high"
"Map pickups";"Flying Waters: Rewarding Mark (Pictos)";"DT_ChestsContent#Chest_GoblusLair_1";"Rewarding Mark (Pictos)";"Flying Waters";"1";"no";"yes";"";"";"high"
"Map pickups (loot table chest)";"Chest_GoblusLair_2";"DT_ChestsContent#Chest_GoblusLair_2";"Chroma Catalyst (Upgrade Material)";"Flying Waters";"1";"no";"yes";"";"";"high"
"Map pickups";"Flying Waters: Chroma Pack - Normal (Upgrade Material)";"DT_ChestsContent#Chest_GoblusLair_3";"Chroma Pack - Normal (Upgrade Material)";"Flying Waters";"1";"no";"yes";"";"";"high"
"Map pickups";"Flying Waters: Augmented Aim (Pictos)";"DT_ChestsContent#Chest_GoblusLair_4";"Augmented Aim (Pictos)";"Flying Waters";"1";"no";"yes";"";"";"high"
"Map pickups (loot table chest)";"Chest_GoblusLair_5";"DT_ChestsContent#Chest_GoblusLair_5";"Chroma Catalyst (Upgrade Material)";"Flying Waters";"1";"no";"yes";"";"";"high"
"Map pickups";"Flying Waters: Chroma Pack - Small (Upgrade Material)";"DT_ChestsContent#Chest_GoblusLair_6";"Chroma Pack - Small (Upgrade Material)";"Flying Waters";"1";"no";"yes";"";"";"high"
"Map pickups";"Flying Waters: Staggering Attack (Pictos)";"DT_ChestsContent#Chest_GoblusLair_7";"Staggering Attack (Pictos)";"Flying Waters";"1";"no";"yes";"";"";"high"
"Map pickups";"Flying Waters: Colour of Lumina (Upgrade Material)";"DT_ChestsContent#Chest_GoblusLair_8";"Colour of Lumina (Upgrade Material)";"Flying Waters";"1";"no";"yes";"";"";"high"
"Map pickups";"Flying Waters: Energising Break (Pictos)";"DT_ChestsContent#Chest_GoblusLair_9";"Energising Break (Pictos)";"Flying Waters";"1";"no";"yes";"";"";"high"
"Map pickups";"Flying Waters: Chroma Pack - Small (Upgrade Material)";"DT_ChestsContent#Chest_GoblusLair_10";"Chroma Pack - Small (Upgrade Material)";"Flying Waters";"1";"no";"yes";"";"";"high"
"Map pickups (loot table chest)";"Chest_GoblusLair_11";"DT_ChestsContent#Chest_GoblusLair_11";"Chroma Catalyst (Upgrade Material)";"Flying Waters";"1";"no";"yes";"";"";"high"
"Map pickups";"Flying Waters: Versatile (Pictos)";"DT_ChestsContent#Chest_GoblusLair_12";"Versatile (Pictos)";"Flying Waters";"1";"no";"yes";"";"";"high"
"Map pickups";"Flying Waters: Colour of Lumina (Upgrade Material)";"DT_ChestsContent#Chest_GoblusLair_13";"Colour of Lumina (Upgrade Material)";"Flying Waters";"1";"no";"yes";"";"";"high"
"Map pickups";"Flying Waters: SOS Shell (Pictos)";"DT_ChestsContent#Chest_GoblusLair_14";"SOS Shell (Pictos)";"Flying Waters";"1";"no";"yes";"";"";"high"
"Map pickups";"Flying Waters: Recoat (Upgrade Material)";"DT_ChestsContent#Chest_GoblusLair_15";"Recoat (Upgrade Material)";"Flying Waters";"1";"no";"yes";"";"";"high"
"Map pickups";"Flying Waters: Chroma Pack - Normal (Upgrade Material)";"DT_ChestsContent#Chest_GoblusLair_16";"Chroma Pack - Normal (Upgrade Material)";"Flying Waters";"1";"no";"yes";"";"";"high"
"Map pickups";"Flying Waters: Energy Tint Shard (Upgrade Material)";"DT_ChestsContent#Chest_GoblusLair_17";"Energy Tint Shard (Upgrade Material)";"Flying Waters";"1";"no";"yes";"";"";"high"
"Map pickups (loot table chest)";"Chest_GoblusLair_18";"DT_ChestsContent#Chest_GoblusLair_18";"Chroma Catalyst (Upgrade Material)";"Flying Waters";"1";"no";"yes";"";"";"high"
"Map pickups (loot table chest)";"Chest_GoblusLair_19";"DT_ChestsContent#Chest_GoblusLair_19";"Chroma Catalyst (Upgrade Material)";"Flying Waters";"1";"no";"yes";"";"";"high"
"Map pickups";"Flying Waters: Intact Mine (Key Item)";"DT_ChestsContent#Chest_GoblusLair_20";"Intact Mine (Key Item)";"Flying Waters";"1";"no";"yes";"";"";"high"
"Map pickups";"Flying Waters: Marking Shots (Pictos)";"DT_ChestsContent#Chest_GoblusLair_21";"Marking Shots (Pictos)";"Flying Waters";"1";"no";"yes";"";"";"high"
"Map pickups";"Flying Waters: Colour of Lumina (Upgrade Material)";"DT_ChestsContent#Chest_GoblusLair_22";"Colour of Lumina (Upgrade Material)";"Flying Waters";"1";"no";"yes";"";"";"high"
"Map pickups";"Flying Waters: Colour of Lumina (Upgrade Material)";"DT_ChestsContent#Chest_GoblusLair_23";"Colour of Lumina (Upgrade Material)";"Flying Waters";"1";"no";"yes";"";"";"high"
"Map pickups";"Flying Waters: Chroma Elixir Shard (Upgrade Material)";"DT_ChestsContent#Chest_GoblusLair_24";"Chroma Elixir Shard (Upgrade Material)";"Flying Waters";"1";"no";"yes";"";"";"high"
"Map pickups";"Flying Waters: Colour of Lumina (Upgrade Material)";"DT_ChestsContent#Chest_GoblusLair_25";"Colour of Lumina (Upgrade Material)";"Flying Waters";"1";"no";"yes";"";"";"high"
"Map pickups";"Flying Waters: Revive Tint Shard (Upgrade Material)";"DT_ChestsContent#Chest_GoblusLair_26";"Revive Tint Shard (Upgrade Material)";"Flying Waters";"1";"no";"yes";"";"";"high"
"Map pickups";"Flying Waters: Colour of Lumina (Upgrade Material)";"DT_ChestsContent#Chest_GoblusLair_27";"Colour of Lumina (Upgrade Material)";"Flying Waters";"1";"no";"yes";"";"";"high"
"Map pickups";"Forgotten Battlefield: Colour of Lumina (Upgrade Material)";"DT_ChestsContent#Chest_ForgottenBattlefield_1";"Colour of Lumina (Upgrade Material)";"Forgotten Battlefield";"2";"no";"yes";"";"";"medium"
"Map pickups";"Forgotten Battlefield: Chroma Pack - Small (Upgrade Material)";"DT_ChestsContent#Chest_ForgottenBattlefield_2";"Chroma Pack - Small (Upgrade Material)";"Forgotten Battlefield";"2";"no";"yes";"";"";"medium"
"Map pickups";"Forgotten Battlefield: Chroma Pack - Large (Upgrade Material)";"DT_ChestsContent#Chest_ForgottenBattlefield_3";"Chroma Pack - Large (Upgrade Material)";"Forgotten Battlefield";"2";"no";"yes";"";"";"medium"
"Map pickups";"Forgotten Battlefield: Chroma Pack - Large (Upgrade Material)";"DT_ChestsContent#Chest_ForgottenBattlefield_4";"Chroma Pack - Large (Upgrade Material)";"Forgotten Battlefield";"2";"no";"yes";"";"";"medium"
"Map pickups";"Forgotten Battlefield: Healing Tint Shard (Upgrade Material)";"DT_ChestsContent#Chest_ForgottenBattlefield_5";"Healing Tint Shard (Upgrade Material)";"Forgotten Battlefield";"2";"no";"yes";"";"";"medium"
"Map pickups";"Forgotten Battlefield: Colour of Lumina (Upgrade Material)";"DT_ChestsContent#Chest_ForgottenBattlefield_6";"Colour of Lumina (Upgrade Material)";"Forgotten Battlefield";"2";"no";"yes";"";"";"medium"
"Map pickups (loot table chest)";"Chest_ForgottenBattlefield_7";"DT_ChestsContent#Chest_ForgottenBattlefield_7";"Chroma Catalyst (Upgrade Material)";"Forgotten Battlefield";"2";"no";"yes";"";"";"medium"
"Map pickups";"Forgotten Battlefield: Sweet Kill (Pictos)";"DT_ChestsContent#Chest_ForgottenBattlefield_8";"Sweet Kill (Pictos)";"Forgotten Battlefield";"2";"no";"yes";"";"";"medium"
"Map pickups";"Forgotten Battlefield: Colour of Lumina (Upgrade Material)";"DT_ChestsContent#Chest_ForgottenBattlefield_9";"Colour of Lumina (Upgrade Material)";"Forgotten Battlefield";"2";"no";"yes";"";"";"medium"
"Map pickups";"Forgotten Battlefield: Colour of Lumina (Upgrade Material)";"DT_ChestsContent#Chest_ForgottenBattlefield_10";"Colour of Lumina (Upgrade Material)";"Forgotten Battlefield";"2";"no";"yes";"";"";"medium"
"Map pickups";"Forgotten Battlefield: Chroma Pack - Normal (Upgrade Material)";"DT_ChestsContent#Chest_ForgottenBattlefield_11";"Chroma Pack - Normal (Upgrade Material)";"Forgotten Battlefield";"2";"no";"yes";"";"";"medium"
"Map pickups";"Forgotten Battlefield: Energising Death (Pictos)";"DT_ChestsContent#Chest_ForgottenBattlefield_12";"Energising Death (Pictos)";"Forgotten Battlefield";"2";"no";"yes";"";"";"medium"
"Map pickups";"Forgotten Battlefield: Energy Tint Shard (Upgrade Material)";"DT_ChestsContent#Chest_ForgottenBattlefield_13";"Energy Tint Shard (Upgrade Material)";"Forgotten Battlefield";"2";"no";"yes";"";"";"medium"
"Map pickups";"Forgotten Battlefield: Empowering Tint (Pictos)";"DT_ChestsContent#Chest_ForgottenBattlefield_14";"Empowering Tint (Pictos)";"Forgotten Battlefield";"2";"no";"yes";"";"";"medium"
"Map pickups";"Forgotten Battlefield: Chroma Pack - Normal (Upgrade Material)";"DT_ChestsContent#Chest_ForgottenBattlefield_15";"Chroma Pack - Normal (Upgrade Material)";"Forgotten Battlefield";"2";"no";"yes";"";"";"medium"
"Map pickups";"Forgotten Battlefield: Chroma Pack - Large (Upgrade Material)";"DT_ChestsContent#Chest_ForgottenBattlefield_16";"Chroma Pack - Large (Upgrade Material)";"Forgotten Battlefield";"2";"no";"yes";"";"";"medium"
"Map pickups";"Forgotten Battlefield: Colour of Lumina (Upgrade Material)";"DT_ChestsContent#Chest_ForgottenBattlefield_17";"Colour of Lumina (Upgrade Material)";"Forgotten Battlefield";"2";"no";"yes";"";"";"medium"
"Map pickups";"Forgotten Battlefield: Revive Tint Energy (Pictos)";"DT_ChestsContent#Chest_ForgottenBattlefield_18";"Revive Tint Energy (Pictos)";"Forgotten Battlefield";"2";"no";"yes";"";"";"medium"
"Map pickups";"Forgotten Battlefield: Colour of Lumina (Upgrade Material)";"DT_ChestsContent#Chest_ForgottenBattlefield_19";"Colour of Lumina (Upgrade Material)";"Forgotten Battlefield";"2";"no";"yes";"";"";"medium"
"Map pickups";"Forgotten Battlefield: Revive Tint Shard (Upgrade Material)";"DT_ChestsContent#Chest_ForgottenBattlefield_20";"Revive Tint Shard (Upgrade Material)";"Forgotten Battlefield";"2";"no";"yes";"";"";"medium"
"Map pickups";"Forgotten Battlefield: Recoat (Upgrade Material)";"DT_ChestsContent#Chest_ForgottenBattlefield_21";"Recoat (Upgrade Material)";"Forgotten Battlefield";"2";"no";"yes";"";"";"medium"
"Map pickups";"Forgotten Battlefield: Energising Start IV (Pictos)";"DT_ChestsContent#Chest_ForgottenBattlefield_22";"Energising Start IV (Pictos)";"Forgotten Battlefield";"2";"no";"yes";"";"";"medium"
"Map pickups";"Forgotten Battlefield: Colour of Lumina (Upgrade Material)";"DT_ChestsContent#Chest_ForgottenBattlefield_23";"Colour of Lumina (Upgrade Material)";"Forgotten Battlefield";"2";"no";"yes";"";"";"medium"
"Map pickups (loot table chest)";"Chest_ForgottenBattlefield_24";"DT_ChestsContent#Chest_ForgottenBattlefield_24";"Chroma Catalyst (Upgrade Material)";"Forgotten Battlefield";"2";"no";"yes";"";"";"medium"
"Map pickups";"Forgotten Battlefield: Chroma Elixir Shard (Upgrade Material)";"DT_ChestsContent#Chest_ForgottenBattlefield_25";"Chroma Elixir Shard (Upgrade Material)";"Forgotten Battlefield";"2";"no";"yes";"";"";"medium"
"Map pickups";"Forgotten Battlefield: Colour of Lumina (Upgrade Material)";"DT_ChestsContent#Chest_ForgottenBattlefield_26";"Colour of Lumina (Upgrade Material)";"Forgotten Battlefield";"2";"no";"yes";"";"";"medium"
"Map pickups";"Monoco's Station: Colour of Lumina (Upgrade Material)";"DT_ChestsContent#Chest_GrandisStation_1";"Colour of Lumina (Upgrade Material)";"Monoco's Station";"2";"no";"yes";"";"";"medium"
"Map pickups";"Monoco's Station: Chroma Pack - Normal (Upgrade Material)";"DT_ChestsContent#Chest_GrandisStation_2";"Chroma Pack - Normal (Upgrade Material)";"Monoco's Station";"2";"no";"yes";"";"";"medium"
"Map pickups";"Visages: Colour of Lumina (Upgrade Material)";"DT_ChestsContent#Chest_Visages_1";"Colour of Lumina (Upgrade Material)";"Visages";"2";"no";"yes";"";"";"high"
"Map pickups";"Visages: Chroma Pack - Small (Upgrade Material)";"DT_ChestsContent#Chest_Visages_2";"Chroma Pack - Small (Upgrade Material)";"Visages";"2";"no";"yes";"";"";"high"
"Map pickups";"Visages: Double Burn (Pictos)";"DT_ChestsContent#Chest_Visages_3";"Double Burn (Pictos)";"Visages";"2";"no";"yes";"";"";"high"
"Map pickups";"Visages: Powered Attack (Pictos)";"DT_ChestsContent#Chest_Visages_4";"Powered Attack (Pictos)";"Visages";"2";"no";"yes";"";"";"high"
"Map pickups";"Visages: Chroma Pack - Normal (Upgrade Material)";"DT_ChestsContent#Chest_Visages_5";"Chroma Pack - Normal (Upgrade Material)";"Visages";"2";"no";"yes";"";"";"high"
"Map pickups";"Visages: Revive Tint Shard (Upgrade Material)";"DT_ChestsContent#Chest_Visages_6";"Revive Tint Shard (Upgrade Material)";"Visages";"2";"no";"yes";"";"";"high"
"Map pickups (loot table chest)";"Chest_Visages_7";"DT_ChestsContent#Chest_Visages_7";"Chroma Catalyst (Upgrade Material)";"Visages";"2";"no";"yes";"";"";"high"
"Map pickups (loot table chest)";"Chest_Visages_8";"DT_ChestsContent#Chest_Visages_8";"Chroma Catalyst (Upgrade Material)";"Visages";"2";"no";"yes";"";"";"high"
"Map pickups";"Visages: Healing Tint Shard (Upgrade Material)";"DT_ChestsContent#Chest_Visages_10";"Healing Tint Shard (Upgrade Material)";"Visages";"2";"no";"yes";"";"";"high"
"Map pickups";"Visages: Chroma Pack - Normal (Upgrade Material)";"DT_ChestsContent#Chest_Visages_11";"Chroma Pack - Normal (Upgrade Material)";"Visages";"2";"no";"yes";"";"";"high"
"Map pickups";"Visages: Confident Fighter (Pictos)";"DT_ChestsContent#Chest_Visages_12";"Confident Fighter (Pictos)";"Visages";"2";"no";"yes";"";"";"high"
"Map pickups";"Visages: Confuso (Verso Weapon)";"DT_ChestsContent#Chest_Visages_13";"Confuso (Verso Weapon)";"Visages";"2";"no";"yes";"";"";"high"
"Map pickups";"Visages: Chroma Pack - Normal (Upgrade Material)";"DT_ChestsContent#Chest_Visages_14";"Chroma Pack - Normal (Upgrade Material)";"Visages";"2";"no";"yes";"";"";"high"
"Map pickups";"Visages: Glass Canon (Pictos)";"DT_ChestsContent#Chest_Visages_15";"Glass Canon (Pictos)";"Visages";"2";"no";"yes";"";"";"high"
"Map pickups";"Visages: Energy Tint Shard (Upgrade Material)";"DT_ChestsContent#Chest_Visages_16";"Energy Tint Shard (Upgrade Material)";"Visages";"2";"no";"yes";"";"";"high"
"Map pickups (loot table chest)";"Chest_Visages_17";"DT_ChestsContent#Chest_Visages_17";"Chroma Catalyst (Upgrade Material)";"Visages";"2";"no";"yes";"";"";"high"
"Map pickups (loot table chest)";"Chest_Visages_18";"DT_ChestsContent#Chest_Visages_18";"Chroma Catalyst (Upgrade Material)";"Visages";"2";"no";"yes";"";"";"high"
"Map pickups";"Visages: Chroma Pack - Normal (Upgrade Material)";"DT_ChestsContent#Chest_Visages_19";"Chroma Pack - Normal (Upgrade Material)";"Visages";"2";"no";"yes";"";"";"high"
"Map pickups (loot table chest)";"Chest_Visages_20";"DT_ChestsContent#Chest_Visages_20";"Chroma Catalyst (Upgrade Material)";"Visages";"2";"no";"yes";"";"";"high"
"Map pickups (loot table chest)";"Chest_Sirene_1";"DT_ChestsContent#Chest_Sirene_1";"Chroma Catalyst (Upgrade Material)";"Sirene";"2";"no";"yes";"";"";"high"
"Map pickups (loot table chest)";"Chest_Sirene_2";"DT_ChestsContent#Chest_Sirene_2";"Chroma Catalyst (Upgrade Material)";"Sirene";"2";"no";"yes";"";"";"high"
"Map pickups";"Sirene: Shield Affinity (Pictos)";"DT_ChestsContent#Chest_Sirene_3";"Shield Affinity (Pictos)";"Sirene";"2";"no";"yes";"";"";"high"
"Map pickups";"Sirene: Colour of Lumina (Upgrade Material)";"DT_ChestsContent#Chest_Sirene_4";"Colour of Lumina (Upgrade Material)";"Sirene";"2";"no";"yes";"";"";"high"
"Map pickups";"Sirene: Colour of Lumina (Upgrade Material)";"DT_ChestsContent#Chest_Sirene_6";"Colour of Lumina (Upgrade Material)";"Sirene";"2";"no";"yes";"";"";"high"
"Map pickups";"Sirene: Protecting Death (Pictos)";"DT_ChestsContent#Chest_Sirene_7";"Protecting Death (Pictos)";"Sirene";"2";"no";"yes";"";"";"high"
"Map pickups";"Sirene: Chroma Pack - Normal (Upgrade Material)";"DT_ChestsContent#Chest_Sirene_8";"Chroma Pack - Normal (Upgrade Material)";"Sirene";"2";"no";"yes";"";"";"high"
"Map pickups";"Sirene: Colour of Lumina (Upgrade Material)";"DT_ChestsContent#Chest_Sirene_9";"Colour of Lumina (Upgrade Material)";"Sirene";"2";"no";"yes";"";"";"high"
"Map pickups";"Sirene: Colour of Lumina (Upgrade Material)";"DT_ChestsContent#Chest_Sirene_10";"Colour of Lumina (Upgrade Material)";"Sirene";"2";"no";"yes";"";"";"high"
"Map pickups";"Sirene: Colour of Lumina (Upgrade Material)";"DT_ChestsContent#Chest_Sirene_11";"Colour of Lumina (Upgrade Material)";"Sirene";"2";"no";"yes";"";"";"high"
"Map pickups (loot table chest)";"Chest_Sirene_12";"DT_ChestsContent#Chest_Sirene_12";"Chroma Catalyst (Upgrade Material)";"Sirene";"2";"no";"yes";"";"";"high"
"Map pickups (loot table chest)";"Chest_Sirene_13";"DT_ChestsContent#Chest_Sirene_13";"Chroma Catalyst (Upgrade Material)";"Sirene";"2";"no";"yes";"";"";"high"
"Map pickups (loot table chest)";"Chest_Sirene_14";"DT_ChestsContent#Chest_Sirene_14";"Chroma Catalyst (Upgrade Material)";"Sirene";"2";"no";"yes";"";"";"high"
"Map pickups";"Sirene: Colour of Lumina (Upgrade Material)";"DT_ChestsContent#Chest_Sirene_15";"Colour of Lumina (Upgrade Material)";"Sirene";"2";"no";"yes";"";"";"high"
"Map pickups (loot table chest)";"Chest_Sirene_16";"DT_ChestsContent#Chest_Sirene_16";"Chroma Catalyst (Upgrade Material)";"Sirene";"2";"no";"yes";"";"";"high"
"Map pickups";"Sirene: Effective Heal (Pictos)";"DT_ChestsContent#Chest_Sirene_17";"Effective Heal (Pictos)";"Sirene";"2";"no";"yes";"";"";"high"
"Map pickups";"Sirene: Greater Shell (Pictos)";"DT_ChestsContent#Chest_Sirene_18";"Greater Shell (Pictos)";"Sirene";"2";"no";"yes";"";"";"high"
"Map pickups";"Sirene: Revive Tint Shard (Upgrade Material)";"DT_ChestsContent#Chest_Sirene_19";"Revive Tint Shard (Upgrade Material)";"Sirene";"2";"no";"yes";"";"";"high"
"Map pickups";"Sirene: Auto Regen (Pictos)";"DT_ChestsContent#Chest_Sirene_20";"Auto Regen (Pictos)";"Sirene";"2";"no";"yes";"";"";"high"
"Map pickups";"Sirene: Chroma Pack - Normal (Upgrade Material)";"DT_ChestsContent#Chest_Sirene_21";"Chroma Pack - Normal (Upgrade Material)";"Sirene";"2";"no";"yes";"";"";"high"
"Map pickups (loot table chest)";"Chest_Sirene_22";"DT_ChestsContent#Chest_Sirene_22";"Chroma Catalyst (Upgrade Material)";"Sirene";"2";"no";"yes";"";"";"high"
"Map pickups";"Sirene: Colour of Lumina (Upgrade Material)";"DT_ChestsContent#Chest_Sirene_23";"Colour of Lumina (Upgrade Material)";"Sirene";"2";"no";"yes";"";"";"high"
"Map pickups (loot table chest)";"Chest_Sirene_24";"DT_ChestsContent#Chest_Sirene_24";"Chroma Catalyst (Upgrade Material)";"Sirene";"2";"no";"yes";"";"";"high"
"Map pickups";"Sirene: Chroma Pack - Small (Upgrade Material)";"DT_ChestsContent#Chest_Sirene_25";"Chroma Pack - Small (Upgrade Material)";"Sirene";"2";"no";"yes";"";"";"high"
"Map pickups (loot table chest)";"Chest_Sirene_26";"DT_ChestsContent#Chest_Sirene_26";"Chroma Catalyst (Upgrade Material)";"Sirene";"2";"no";"yes";"";"";"high"
"Map pickups";"Sirene: Chroma Pack - Small (Upgrade Material)";"DT_ChestsContent#Chest_Sirene_27";"Chroma Pack - Small (Upgrade Material)";"Sirene";"2";"no";"yes";"";"";"high"
"Map pickups";"Sirene: Energy Tint Shard (Upgrade Material)";"DT_ChestsContent#Chest_Sirene_28";"Energy Tint Shard (Upgrade Material)";"Sirene";"2";"no";"yes";"";"";"high"
"Map pickups (loot table chest)";"Chest_Sirene_29";"DT_ChestsContent#Chest_Sirene_29";"Chroma Catalyst (Upgrade Material)";"Sirene";"2";"no";"yes";"";"";"high"
"Map pickups";"Sirene: Healing Fire (Pictos)";"DT_ChestsContent#Chest_Sirene_30";"Healing Fire (Pictos)";"Sirene";"2";"no";"yes";"";"";"high"
"Map pickups";"Ancient Sanctuary: Burning Mark (Pictos)";"DT_ChestsContent#Chest_AncientSanctuary_1";"Burning Mark (Pictos)";"Ancient Sanctuary";"1";"no";"yes";"";"";"high"
"Map pickups";"Ancient Sanctuary: Attack Lifesteal (Pictos)";"DT_ChestsContent#Chest_AncientSanctuary_2";"Attack Lifesteal (Pictos)";"Ancient Sanctuary";"1";"no";"yes";"";"";"high"
"Map pickups";"Ancient Sanctuary: Colour of Lumina (Upgrade Material)";"DT_ChestsContent#Chest_AncientSanctuary_3";"Colour of Lumina (Upgrade Material)";"Ancient Sanctuary";"1";"no";"yes";"";"";"high"
"Map pickups";"Ancient Sanctuary: Healing Tint Shard (Upgrade Material)";"DT_ChestsContent#Chest_AncientSanctuary_4";"Healing Tint Shard (Upgrade Material)";"Ancient Sanctuary";"1";"no";"yes";"";"";"high"
"Map pickups";"Ancient Sanctuary: Colour of Lumina (Upgrade Material)";"DT_ChestsContent#Chest_AncientSanctuary_5";"Colour of Lumina (Upgrade Material)";"Ancient Sanctuary";"1";"no";"yes";"";"";"high"
"Map pickups";"Ancient Sanctuary: Energising Jump (Pictos)";"DT_ChestsContent#Chest_AncientSanctuary_6";"Energising Jump (Pictos)";"Ancient Sanctuary";"1";"no";"yes";"";"";"high"
"Map pickups";"Ancient Sanctuary: Energising Start II (Pictos)";"DT_ChestsContent#Chest_AncientSanctuary_7";"Energising Start II (Pictos)";"Ancient Sanctuary";"1";"no";"yes";"";"";"high"
"Map pickups";"Ancient Sanctuary: Colour of Lumina (Upgrade Material)";"DT_ChestsContent#Chest_AncientSanctuary_8";"Colour of Lumina (Upgrade Material)";"Ancient Sanctuary";"1";"no";"yes";"";"";"high"
"Map pickups";"Ancient Sanctuary: Revive Tint Shard (Upgrade Material)";"DT_ChestsContent#Chest_AncientSanctuary_9";"Revive Tint Shard (Upgrade Material)";"Ancient Sanctuary";"1";"no";"yes";"";"";"high"
"Map pickups";"Ancient Sanctuary: Chroma Pack - Small (Upgrade Material)";"DT_ChestsContent#Chest_AncientSanctuary_10";"Chroma Pack - Small (Upgrade Material)";"Ancient Sanctuary";"1";"no";"yes";"";"";"high"
"Map pickups (loot table chest)";"Chest_AncientSanctuary_11";"DT_ChestsContent#Chest_AncientSanctuary_11";"Chroma Catalyst (Upgrade Material)";"Ancient Sanctuary";"1";"no";"yes";"";"";"high"
"Map pickups";"Ancient Sanctuary: Energy Tint Shard (Upgrade Material)";"DT_ChestsContent#Chest_AncientSanctuary_12";"Energy Tint Shard (Upgrade Material)";"Ancient Sanctuary";"1";"no";"yes";"";"";"high"
"Map pickups";"Ancient Sanctuary: Piercing Shot (Pictos)";"DT_ChestsContent#Chest_AncientSanctuary_13";"Piercing Shot (Pictos)";"Ancient Sanctuary";"1";"no";"yes";"";"";"high"
"Map pickups";"Ancient Sanctuary: Chroma Pack - Large (Upgrade Material)";"DT_ChestsContent#Chest_AncientSanctuary_14";"Chroma Pack - Large (Upgrade Material)";"Ancient Sanctuary";"1";"no";"yes";"";"";"high"
"Map pickups";"Ancient Sanctuary: Chroma Pack - Normal (Upgrade Material)";"DT_ChestsContent#Chest_AncientSanctuary_15";"Chroma Pack - Normal (Upgrade Material)";"Ancient Sanctuary";"1";"no";"yes";"";"";"high"
"Map pickups";"Ancient Sanctuary: Stun Boost (Pictos)";"DT_ChestsContent#Chest_AncientSanctuary_16";"Stun Boost (Pictos)";"Ancient Sanctuary";"1";"no";"yes";"";"";"high"
"Map pickups";"Ancient Sanctuary: Chroma Elixir Shard (Upgrade Material)";"DT_ChestsContent#Chest_AncientSanctuary_17";"Chroma Elixir Shard (Upgrade Material)";"Ancient Sanctuary";"1";"no";"yes";"";"";"high"
"Map pickups";"Ancient Sanctuary: Colour of Lumina (Upgrade Material)";"DT_ChestsContent#Chest_AncientSanctuary_19";"Colour of Lumina (Upgrade Material)";"Ancient Sanctuary";"1";"no";"yes";"";"";"high"
"Map pickups";"Gestral Village: Chroma Pack - Normal (Upgrade Material)";"DT_ChestsContent#Chest_GestralVillage_1";"Chroma Pack - Normal (Upgrade Material)";"Gestral Village";"1";"no";"yes";"";"";"high"
"Map pickups";"Gestral Village: Chroma Pack - Normal (Upgrade Material)";"DT_ChestsContent#Chest_GestralVillage_2";"Chroma Pack - Normal (Upgrade Material)";"Gestral Village";"1";"no";"yes";"";"";"high"
"Map pickups";"Gestral Village: Chroma Pack - Normal (Upgrade Material)";"DT_ChestsContent#Chest_GestralVillage_3";"Chroma Pack - Normal (Upgrade Material)";"Gestral Village";"1";"no";"yes";"";"";"high"
"Map pickups";"Gestral Village: Colour of Lumina (Upgrade Material)";"DT_ChestsContent#Chest_GestralVillage_4";"Colour of Lumina (Upgrade Material)";"Gestral Village";"1";"no";"yes";"";"";"high"
"Map pickups";"Gestral Village: Chroma Pack - Small (Upgrade Material)";"DT_ChestsContent#Chest_GestralVillage_5";"Chroma Pack - Small (Upgrade Material)";"Gestral Village";"1";"no";"yes";"";"";"high"
"Map pickups";"Gestral Village: Colour of Lumina (Upgrade Material)";"DT_ChestsContent#Chest_GestralVillage_6";"Colour of Lumina (Upgrade Material)";"Gestral Village";"1";"no";"yes";"";"";"high"
"Map pickups";"Gestral Village: Betelim (Lune Weapon)";"DT_ChestsContent#Chest_GestralVillage_7";"Betelim (Lune Weapon)";"Gestral Village";"1";"no";"yes";"";"";"high"
"Map pickups";"Gestral Village: Powerful Shots (Pictos)";"DT_ChestsContent#Chest_GestralVillage_8";"Powerful Shots (Pictos)";"Gestral Village";"1";"no";"yes";"";"";"high"
"Map pickups";"Gestral Village: Recoat (Upgrade Material)";"DT_ChestsContent#Chest_GestralVillage_9";"Recoat (Upgrade Material)";"Gestral Village";"1";"no";"yes";"";"";"high"
"Map pickups";"Esquie's Nest: Energising Start III (Pictos)";"DT_ChestsContent#Chest_EsquiesNest_1";"Energising Start III (Pictos)";"Esquie's Nest";"1";"no";"yes";"";"";"high"
"Map pickups";"Esquie's Nest: Colour of Lumina (Upgrade Material)";"DT_ChestsContent#Chest_EsquiesNest_2";"Colour of Lumina (Upgrade Material)";"Esquie's Nest";"1";"no";"yes";"";"";"high"
"Map pickups";"Esquie's Nest: Colour of Lumina (Upgrade Material)";"DT_ChestsContent#Chest_EsquiesNest_3";"Colour of Lumina (Upgrade Material)";"Esquie's Nest";"1";"no";"yes";"";"";"high"
"Map pickups";"Esquie's Nest: Chroma Pack - Normal (Upgrade Material)";"DT_ChestsContent#Chest_EsquiesNest_4";"Chroma Pack - Normal (Upgrade Material)";"Esquie's Nest";"1";"no";"yes";"";"";"high"
"Map pickups";"Esquie's Nest: Colour of Lumina (Upgrade Material)";"DT_ChestsContent#Chest_EsquiesNest_5";"Colour of Lumina (Upgrade Material)";"Esquie's Nest";"1";"no";"yes";"";"";"high"
"Map pickups";"Esquie's Nest: Chroma Pack - Normal (Upgrade Material)";"DT_ChestsContent#Chest_EsquiesNest_6";"Chroma Pack - Normal (Upgrade Material)";"Esquie's Nest";"1";"no";"yes";"";"";"high"
"Map pickups";"Esquie's Nest: Mushroom (Key Item)";"DT_ChestsContent#Chest_EsquiesNest_7";"Mushroom (Key Item)";"Esquie's Nest";"1";"no";"yes";"";"";"high"
"Map pickups";"Old Lumiere: Colour of Lumina (Upgrade Material)";"DT_ChestsContent#Chest_OldLumiere_1";"Colour of Lumina (Upgrade Material)";"Old Lumiere";"2";"no";"yes";"";"";"high"
"Map pickups (loot table chest)";"Chest_OldLumiere_2";"DT_ChestsContent#Chest_OldLumiere_2";"Chroma Catalyst (Upgrade Material)";"Old Lumiere";"2";"no";"yes";"";"";"high"
"Map pickups";"Old Lumiere: Time Tint (Pictos)";"DT_ChestsContent#Chest_OldLumiere_3";"Time Tint (Pictos)";"Old Lumiere";"2";"no";"yes";"";"";"high"
"Map pickups";"Old Lumiere: Chroma Pack - Large (Upgrade Material)";"DT_ChestsContent#Chest_OldLumiere_4";"Chroma Pack - Large (Upgrade Material)";"Old Lumiere";"2";"no";"yes";"";"";"high"
"Map pickups";"Old Lumiere: Auto Rush (Pictos)";"DT_ChestsContent#Chest_OldLumiere_5";"Auto Rush (Pictos)";"Old Lumiere";"2";"no";"yes";"";"";"high"
"Map pickups (loot table chest)";"Chest_OldLumiere_6";"DT_ChestsContent#Chest_OldLumiere_6";"Chroma Catalyst (Upgrade Material)";"Old Lumiere";"2";"no";"yes";"";"";"high"
"Map pickups";"Old Lumiere: Colour of Lumina (Upgrade Material)";"DT_ChestsContent#Chest_OldLumiere_7";"Colour of Lumina (Upgrade Material)";"Old Lumiere";"2";"no";"yes";"";"";"high"
"Map pickups";"Old Lumiere: Chroma Pack - Large (Upgrade Material)";"DT_ChestsContent#Chest_OldLumiere_8";"Chroma Pack - Large (Upgrade Material)";"Old Lumiere";"2";"no";"yes";"";"";"high"
"Map pickups";"Old Lumiere: Colour of Lumina (Upgrade Material)";"DT_ChestsContent#Chest_OldLumiere_9";"Colour of Lumina (Upgrade Material)";"Old Lumiere";"2";"no";"yes";"";"";"high"
"Map pickups";"Old Lumiere: Chroma Pack - Normal (Upgrade Material)";"DT_ChestsContent#Chest_OldLumiere_10";"Chroma Pack - Normal (Upgrade Material)";"Old Lumiere";"2";"no";"yes";"";"";"high"
"Map pickups";"Old Lumiere: Nusaro (Monoco Weapon)";"DT_ChestsContent#Chest_OldLumiere_11";"Nusaro (Monoco Weapon)";"Old Lumiere";"2";"no";"yes";"";"";"high"
"Map pickups";"Old Lumiere: Chroma Pack - Large (Upgrade Material)";"DT_ChestsContent#Chest_OldLumiere_12";"Chroma Pack - Large (Upgrade Material)";"Old Lumiere";"2";"no";"yes";"";"";"high"
"Map pickups";"Old Lumiere: Healing Death (Pictos)";"DT_ChestsContent#Chest_OldLumiere_13";"Healing Death (Pictos)";"Old Lumiere";"2";"no";"yes";"";"";"high"
"Map pickups";"Old Lumiere: Chroma Pack - Normal (Upgrade Material)";"DT_ChestsContent#Chest_OldLumiere_14";"Chroma Pack - Normal (Upgrade Material)";"Old Lumiere";"2";"no";"yes";"";"";"high"
"Map pickups";"Old Lumiere: Colour of Lumina (Upgrade Material)";"DT_ChestsContent#Chest_OldLumiere_15";"Colour of Lumina (Upgrade Material)";"Old Lumiere";"2";"no";"yes";"";"";"high"
"Map pickups";"Old Lumiere: Chroma Pack - Large (Upgrade Material)";"DT_ChestsContent#Chest_OldLumiere_16";"Chroma Pack - Large (Upgrade Material)";"Old Lumiere";"2";"no";"yes";"";"";"high"
"Map pickups";"Old Lumiere: Chroma Pack - Normal (Upgrade Material)";"DT_ChestsContent#Chest_OldLumiere_17";"Chroma Pack - Normal (Upgrade Material)";"Old Lumiere";"2";"no";"yes";"";"";"high"
"Map pickups";"Old Lumiere: Chroma Pack - Small (Upgrade Material)";"DT_ChestsContent#Chest_OldLumiere_18";"Chroma Pack - Small (Upgrade Material)";"Old Lumiere";"2";"no";"yes";"";"";"high"
"Map pickups";"Old Lumiere: Chroma Pack - Small (Upgrade Material)";"DT_ChestsContent#Chest_OldLumiere_19";"Chroma Pack - Small (Upgrade Material)";"Old Lumiere";"2";"no";"yes";"";"";"high"
"Map pickups";"Old Lumiere: Redalim (Lune Weapon)";"DT_ChestsContent#Chest_OldLumiere_20";"Redalim (Lune Weapon)";"Old Lumiere";"2";"no";"yes";"";"";"high"
"Map pickups";"The Monolith: Colour of Lumina (Upgrade Material)";"DT_ChestsContent#Chest_Monolith_1";"Colour of Lumina (Upgrade Material)";"The Monolith";"2";"no";"yes";"";"";"high"
"Map pickups";"The Monolith: Chroma Pack - Normal (Upgrade Material)";"DT_ChestsContent#Chest_Monolith_2";"Chroma Pack - Normal (Upgrade Material)";"The Monolith";"2";"no";"yes";"";"";"high"
"Map pickups";"The Monolith: Revive Tint Shard (Upgrade Material)";"DT_ChestsContent#Chest_Monolith_3";"Revive Tint Shard (Upgrade Material)";"The Monolith";"2";"no";"yes";"";"";"high"
"Map pickups";"The Monolith: Colour of Lumina (Upgrade Material)";"DT_ChestsContent#Chest_Monolith_4";"Colour of Lumina (Upgrade Material)";"The Monolith";"2";"no";"yes";"";"";"high"
"Map pickups";"The Monolith: Colour of Lumina (Upgrade Material)";"DT_ChestsContent#Chest_Monolith_5";"Colour of Lumina (Upgrade Material)";"The Monolith";"2";"no";"yes";"";"";"high"
"Map pickups";"The Monolith: Stay Marked (Pictos)";"DT_ChestsContent#Chest_Monolith_6";"Stay Marked (Pictos)";"The Monolith";"2";"no";"yes";"";"";"high"
"Map pickups (loot table chest)";"Chest_Monolith_7";"DT_ChestsContent#Chest_Monolith_7";"Chroma Catalyst (Upgrade Material)";"The Monolith";"2";"no";"yes";"";"";"high"
"Map pickups";"The Monolith: Colour of Lumina (Upgrade Material)";"DT_ChestsContent#Chest_Monolith_8";"Colour of Lumina (Upgrade Material)";"The Monolith";"2";"no";"yes";"";"";"high"
"Map pickups (loot table chest)";"Chest_Monolith_9";"DT_ChestsContent#Chest_Monolith_9";"Chroma Catalyst (Upgrade Material)";"The Monolith";"2";"no";"yes";"";"";"high"
"Map pickups";"The Monolith: Lithelim (Lune Weapon)";"DT_ChestsContent#Chest_Monolith_10";"Lithelim (Lune Weapon)";"The Monolith";"2";"no";"yes";"";"";"high"
"Map pickups";"The Monolith: Colour of Lumina (Upgrade Material)";"DT_ChestsContent#Chest_Monolith_11";"Colour of Lumina (Upgrade Material)";"The Monolith";"2";"no";"yes";"";"";"high"
"Map pickups (loot table chest)";"Chest_Monolith_12";"DT_ChestsContent#Chest_Monolith_12";"Chroma Catalyst (Upgrade Material)";"The Monolith";"2";"no";"yes";"";"";"high"
"Map pickups";"The Monolith: Random Defense (Pictos)";"DT_ChestsContent#Chest_Monolith_13";"Random Defense (Pictos)";"The Monolith";"2";"no";"yes";"";"";"high"
"Map pickups";"The Monolith: Chroma Pack - Small (Upgrade Material)";"DT_ChestsContent#Chest_Monolith_14";"Chroma Pack - Small (Upgrade Material)";"The Monolith";"2";"no";"yes";"";"";"high"
"Map pickups";"The Monolith: Colour of Lumina (Upgrade Material)";"DT_ChestsContent#Chest_Monolith_15";"Colour of Lumina (Upgrade Material)";"The Monolith";"2";"no";"yes";"";"";"high"
"Map pickups (loot table chest)";"Chest_Monolith_16";"DT_ChestsContent#Chest_Monolith_16";"Chroma Catalyst (Upgrade Material)";"The Monolith";"2";"no";"yes";"";"";"high"
"Map pickups";"The Monolith: Chroma Pack - Normal (Upgrade Material)";"DT_ChestsContent#Chest_Monolith_17";"Chroma Pack - Normal (Upgrade Material)";"The Monolith";"2";"no";"yes";"";"";"high"
"Map pickups";"The Monolith: Chroma Pack - Small (Upgrade Material)";"DT_ChestsContent#Chest_Monolith_18";"Chroma Pack - Small (Upgrade Material)";"The Monolith";"2";"no";"yes";"";"";"high"
"Map pickups";"The Monolith: Recoat (Upgrade Material)";"DT_ChestsContent#Chest_Monolith_19";"Recoat (Upgrade Material)";"The Monolith";"2";"no";"yes";"";"";"high"
"Map pickups";"The Monolith: Weakness Gain (Pictos)";"DT_ChestsContent#Chest_Monolith_20";"Weakness Gain (Pictos)";"The Monolith";"2";"no";"yes";"";"";"high"
"Map pickups";"The Monolith: Chroma Pack - Small (Upgrade Material)";"DT_ChestsContent#Chest_Monolith_21";"Chroma Pack - Small (Upgrade Material)";"The Monolith";"2";"no";"yes";"";"";"high"
"Map pickups (loot table chest)";"Chest_Monolith_22";"DT_ChestsContent#Chest_Monolith_22";"Chroma Catalyst (Upgrade Material)";"The Monolith";"2";"no";"yes";"";"";"high"
"Map pickups";"The Monolith: Colour of Lumina (Upgrade Material)";"DT_ChestsContent#Chest_Monolith_23";"Colour of Lumina (Upgrade Material)";"The Monolith";"2";"no";"yes";"";"";"high"
"Map pickups";"The Monolith: Chroma Pack - Small (Upgrade Material)";"DT_ChestsContent#Chest_Monolith_24";"Chroma Pack - Small (Upgrade Material)";"The Monolith";"2";"no";"yes";"";"";"high"
"Map pickups";"The Monolith: Chroma Pack - Small (Upgrade Material)";"DT_ChestsContent#Chest_Monolith_25";"Chroma Pack - Small (Upgrade Material)";"The Monolith";"2";"no";"yes";"";"";"high"
"Map pickups";"The Monolith: Colour of Lumina (Upgrade Material)";"DT_ChestsContent#Chest_Monolith_26";"Colour of Lumina (Upgrade Material)";"The Monolith";"2";"no";"yes";"";"";"high"
"Map pickups (loot table chest)";"Chest_Monolith_27";"DT_ChestsContent#Chest_Monolith_27";"Chroma Catalyst (Upgrade Material)";"The Monolith";"2";"no";"yes";"";"";"high"
"Map pickups";"The Monolith: Colour of Lumina (Upgrade Material)";"DT_ChestsContent#Chest_Monolith_28";"Colour of Lumina (Upgrade Material)";"The Monolith";"2";"no";"yes";"";"";"high"
"Map pickups";"The Monolith: Chroma Pack - Normal (Upgrade Material)";"DT_ChestsContent#Chest_Monolith_29";"Chroma Pack - Normal (Upgrade Material)";"The Monolith";"2";"no";"yes";"";"";"high"
"Map pickups";"The Monolith: Enfeebling Attack (Pictos)";"DT_ChestsContent#Chest_Monolith_30";"Enfeebling Attack (Pictos)";"The Monolith";"2";"no";"yes";"";"";"high"
"Map pickups";"The Monolith: Empowering Parry (Pictos)";"DT_ChestsContent#Chest_Monolith_31";"Empowering Parry (Pictos)";"The Monolith";"2";"no";"yes";"";"";"high"
"Map pickups";"The Monolith: Colour of Lumina (Upgrade Material)";"DT_ChestsContent#Chest_Monolith_32";"Colour of Lumina (Upgrade Material)";"The Monolith";"2";"no";"yes";"";"";"high"
"Map pickups";"The Monolith: Colour of Lumina (Upgrade Material)";"DT_ChestsContent#Chest_Monolith_33";"Colour of Lumina (Upgrade Material)";"The Monolith";"2";"no";"yes";"";"";"high"
"Map pickups";"The Monolith: Recoat (Upgrade Material)";"DT_ChestsContent#Chest_Monolith_34";"Recoat (Upgrade Material)";"The Monolith";"2";"no";"yes";"";"";"high"
"Map pickups";"The Monolith: Chroma Pack - Normal (Upgrade Material)";"DT_ChestsContent#Chest_Monolith_35";"Chroma Pack - Normal (Upgrade Material)";"The Monolith";"2";"no";"yes";"";"";"high"
"Map pickups (loot table chest)";"Chest_Monolith_36";"DT_ChestsContent#Chest_Monolith_36";"Chroma Catalyst (Upgrade Material)";"The Monolith";"2";"no";"yes";"";"";"high"
"Map pickups";"The Monolith: Colour of Lumina (Upgrade Material)";"DT_ChestsContent#Chest_Monolith_37";"Colour of Lumina (Upgrade Material)";"The Monolith";"2";"no";"yes";"";"";"high"
"Map pickups";"The Monolith: Colour of Lumina (Upgrade Material)";"DT_ChestsContent#Chest_Monolith_38";"Colour of Lumina (Upgrade Material)";"The Monolith";"2";"no";"yes";"";"";"high"
"Map pickups";"The Monolith: Colour of Lumina (Upgrade Material)";"DT_ChestsContent#Chest_Monolith_39";"Colour of Lumina (Upgrade Material)";"The Monolith";"2";"no";"yes";"";"";"high"
"Map pickups";"The Monolith: Colour of Lumina (Upgrade Material)";"DT_ChestsContent#Chest_Monolith_40";"Colour of Lumina (Upgrade Material)";"The Monolith";"2";"no";"yes";"";"";"high"
"Map pickups";"The Monolith: Colour of Lumina (Upgrade Material)";"DT_ChestsContent#Chest_Monolith_41";"Colour of Lumina (Upgrade Material)";"The Monolith";"2";"no";"yes";"";"";"high"
"Map pickups";"The Manor: Shape of Energy (Upgrade Material)";"DT_ChestsContent#Chest_Manor_1";"Shape of Energy (Upgrade Material)";"The Manor";"2";"no";"yes";"";"";"low"
"Map pickups";"The Manor: Nocturne pour un masque de tristesse (Music Record)";"DT_ChestsContent#Chest_Manor_2";"Nocturne pour un masque de tristesse (Music Record)";"The Manor";"2";"no";"yes";"";"";"low"
"Map pickups";"The Manor: Shape of Life (Upgrade Material)";"DT_ChestsContent#Chest_Manor_3";"Shape of Life (Upgrade Material)";"The Manor";"2";"no";"yes";"";"";"low"
"Map pickups";"The Manor: Forlorn (Music Record)";"DT_ChestsContent#Chest_Manor_4";"Forlorn (Music Record)";"The Manor";"2";"no";"yes";"";"";"low"
"Map pickups";"The Manor: Rebellious (Maelle Haircut)";"DT_ChestsContent#Chest_Manor_5";"Rebellious (Maelle Haircut)";"The Manor";"2";"no";"yes";"";"";"low"
"Map pickups";"The Manor: Shape of Energy (Upgrade Material)";"DT_ChestsContent#Chest_Manor_6";"Shape of Energy (Upgrade Material)";"The Manor";"2";"no";"yes";"";"";"low"
"Map pickups";"The Manor: Alicia (Music Record)";"DT_ChestsContent#Chest_Manor_7";"Alicia (Music Record)";"The Manor";"2";"no";"yes";"";"";"low"
"Map pickups";"The Manor: L'Amour d'une Mere (Music Record)";"DT_ChestsContent#Chest_Manor_8";"L'Amour d'une Mere (Music Record)";"The Manor";"2";"no";"yes";"";"";"low"
"Map pickups";"The Manor: Renoir (Music Record)";"DT_ChestsContent#Chest_Manor_9";"Renoir (Music Record)";"The Manor";"2";"no";"yes";"";"";"low"
"Map pickups";"The Manor: Painted Me (Maelle Outfit)";"DT_ChestsContent#Chest_Manor_11";"Painted Me (Maelle Outfit)";"The Manor";"2";"no";"yes";"";"";"low"
"Map pickups";"The Manor: Verso (Music Record)";"DT_ChestsContent#Chest_Manor_12";"Verso (Music Record)";"The Manor";"2";"no";"yes";"";"";"low"
"Map pickups";"The Manor: Skirt (Maelle Outfit)";"DT_ChestsContent#Chest_Manor_13";"Skirt (Maelle Outfit)";"The Manor";"2";"no";"yes";"";"";"low"
"Map pickups";"The Manor: Shape of Health (Upgrade Material)";"DT_ChestsContent#Chest_Manor_14";"Shape of Health (Upgrade Material)";"The Manor";"2";"no";"yes";"";"";"low"
"Map pickups";"The Manor: Clea! Don't Pull Your Sister's Hair! (Music Record)";"DT_ChestsContent#Chest_Manor_15";"Clea! Don't Pull Your Sister's Hair! (Music Record)";"The Manor";"2";"no";"yes";"";"";"low"
"Map pickups";"The Manor: Civilian (Verso Outfit)";"DT_ChestsContent#Chest_Manor_16";"Civilian (Verso Outfit)";"The Manor";"2";"no";"yes";"";"";"low"
"Map pickups";"World Map: Colour of Lumina (Upgrade Material)";"DT_ChestsContent#Chest_WorldMap_1";"Colour of Lumina (Upgrade Material)";"World Map";"1";"no";"yes";"";"";"medium"
"Map pickups";"World Map: Colour of Lumina (Upgrade Material)";"DT_ChestsContent#Chest_WorldMap_2";"Colour of Lumina (Upgrade Material)";"World Map";"1";"no";"yes";"";"";"medium"
"Map pickups";"World Map: Chroma Pack - Normal (Upgrade Material)";"DT_ChestsContent#Chest_WorldMap_3";"Chroma Pack - Normal (Upgrade Material)";"World Map";"1";"no";"yes";"";"";"medium"
"Map pickups";"World Map: Colour of Lumina (Upgrade Material)";"DT_ChestsContent#Chest_WorldMap_4";"Colour of Lumina (Upgrade Material)";"World Map";"1";"no";"yes";"";"";"medium"
"Map pickups";"World Map: Colour of Lumina (Upgrade Material)";"DT_ChestsContent#Chest_WorldMap_5";"Colour of Lumina (Upgrade Material)";"World Map";"1";"no";"yes";"";"";"medium"
"Map pickups";"World Map: Colour of Lumina (Upgrade Material)";"DT_ChestsContent#Chest_WorldMap_6";"Colour of Lumina (Upgrade Material)";"World Map";"1";"no";"yes";"";"";"medium"
"Map pickups";"World Map: Colour of Lumina (Upgrade Material)";"DT_ChestsContent#Chest_WorldMap_7";"Colour of Lumina (Upgrade Material)";"World Map";"1";"no";"yes";"";"";"medium"
"Map pickups";"World Map: Chroma Pack - Normal (Upgrade Material)";"DT_ChestsContent#Chest_WorldMap_8";"Chroma Pack - Normal (Upgrade Material)";"World Map";"1";"no";"yes";"";"";"medium"
"Map pickups";"World Map: Colour of Lumina (Upgrade Material)";"DT_ChestsContent#Chest_WorldMap_9";"Colour of Lumina (Upgrade Material)";"World Map";"1";"no";"yes";"";"";"medium"
"Map pickups";"World Map: Colour of Lumina (Upgrade Material)";"DT_ChestsContent#Chest_WorldMap_10";"Colour of Lumina (Upgrade Material)";"World Map";"1";"no";"yes";"";"";"medium"
"Map pickups";"World Map: Colour of Lumina (Upgrade Material)";"DT_ChestsContent#Chest_WorldMap_11";"Colour of Lumina (Upgrade Material)";"World Map";"1";"no";"yes";"";"";"medium"
"Map pickups";"World Map: Healing Parry (Pictos)";"DT_ChestsContent#Chest_WorldMap_12";"Healing Parry (Pictos)";"World Map";"1";"no";"yes";"";"";"medium"
"Map pickups";"World Map: Chroma Pack - Normal (Upgrade Material)";"DT_ChestsContent#Chest_WorldMap_13";"Chroma Pack - Normal (Upgrade Material)";"World Map";"1";"no";"yes";"";"";"medium"
"Map pickups";"World Map: Energising Start I (Pictos)";"DT_ChestsContent#Chest_WorldMap_14";"Energising Start I (Pictos)";"World Map";"1";"no";"yes";"";"";"medium"
"Map pickups";"World Map: Chroma Pack - Normal (Upgrade Material)";"DT_ChestsContent#Chest_WorldMap_15";"Chroma Pack - Normal (Upgrade Material)";"World Map";"1";"no";"yes";"";"";"medium"
"Map pickups";"World Map: Colour of Lumina (Upgrade Material)";"DT_ChestsContent#Chest_WorldMap_16";"Colour of Lumina (Upgrade Material)";"World Map";"1";"no";"yes";"";"";"medium"
"Map pickups";"World Map: Colour of Lumina (Upgrade Material)";"DT_ChestsContent#Chest_WorldMap_17";"Colour of Lumina (Upgrade Material)";"World Map";"1";"no";"yes";"";"";"medium"
"Map pickups";"World Map: Colour of Lumina (Upgrade Material)";"DT_ChestsContent#Chest_WorldMap_18";"Colour of Lumina (Upgrade Material)";"World Map";"1";"no";"yes";"";"";"medium"
"Map pickups";"World Map: Colour of Lumina (Upgrade Material)";"DT_ChestsContent#Chest_WorldMap_19";"Colour of Lumina (Upgrade Material)";"World Map";"1";"no";"yes";"";"";"medium"
"Map pickups";"World Map: Colour of Lumina (Upgrade Material)";"DT_ChestsContent#Chest_WorldMap_20";"Colour of Lumina (Upgrade Material)";"World Map";"1";"no";"yes";"";"";"medium"
"Map pickups";"World Map: Shared Care (Pictos)";"DT_ChestsContent#Chest_WorldMap_21";"Shared Care (Pictos)";"World Map";"1";"no";"yes";"";"";"medium"
"Map pickups";"World Map: Colour of Lumina (Upgrade Material)";"DT_ChestsContent#Chest_WorldMap_22";"Colour of Lumina (Upgrade Material)";"World Map";"1";"no";"yes";"";"";"medium"
"Map pickups";"World Map: Energising Heal (Pictos)";"DT_ChestsContent#Chest_WorldMap_23";"Energising Heal (Pictos)";"World Map";"1";"no";"yes";"";"";"medium"
"Map pickups";"World Map: Colour of Lumina (Upgrade Material)";"DT_ChestsContent#Chest_WorldMap_24";"Colour of Lumina (Upgrade Material)";"World Map";"1";"no";"yes";"";"";"medium"
"Map pickups";"World Map: Colour of Lumina (Upgrade Material)";"DT_ChestsContent#Chest_WorldMap_25";"Colour of Lumina (Upgrade Material)";"World Map";"1";"no";"yes";"";"";"medium"
"Map pickups";"World Map: Colour of Lumina (Upgrade Material)";"DT_ChestsContent#Chest_WorldMap_26";"Colour of Lumina (Upgrade Material)";"World Map";"1";"no";"yes";"";"";"medium"
"Map pickups";"World Map: Colour of Lumina (Upgrade Material)";"DT_ChestsContent#Chest_WorldMap_27";"Colour of Lumina (Upgrade Material)";"World Map";"1";"no";"yes";"";"";"medium"
"Map pickups";"World Map: Dead Energy I (Pictos)";"DT_ChestsContent#Chest_WorldMap_28";"Dead Energy I (Pictos)";"World Map";"1";"no";"yes";"";"";"medium"
"Map pickups";"World Map: Colour of Lumina (Upgrade Material)";"DT_ChestsContent#Chest_WorldMap_29";"Colour of Lumina (Upgrade Material)";"World Map";"1";"no";"yes";"";"";"medium"
"Map pickups";"World Map: Colour of Lumina (Upgrade Material)";"DT_ChestsContent#Chest_WorldMap_30";"Colour of Lumina (Upgrade Material)";"World Map";"1";"no";"yes";"";"";"medium"
"Map pickups";"World Map: Colour of Lumina (Upgrade Material)";"DT_ChestsContent#Chest_WorldMap_31";"Colour of Lumina (Upgrade Material)";"World Map";"1";"no";"yes";"";"";"medium"
"Map pickups";"World Map: Shielding Tint (Pictos)";"DT_ChestsContent#Chest_WorldMap_32";"Shielding Tint (Pictos)";"World Map";"1";"no";"yes";"";"";"medium"
"Map pickups";"World Map: Colour of Lumina (Upgrade Material)";"DT_ChestsContent#Chest_WorldMap_33";"Colour of Lumina (Upgrade Material)";"World Map";"1";"no";"yes";"";"";"medium"
"Map pickups";"World Map: Colour of Lumina (Upgrade Material)";"DT_ChestsContent#Chest_WorldMap_34";"Colour of Lumina (Upgrade Material)";"World Map";"1";"no";"yes";"";"";"medium"
"Map pickups";"World Map: Chroma Pack - Normal (Upgrade Material)";"DT_ChestsContent#Chest_WorldMap_35";"Chroma Pack - Normal (Upgrade Material)";"World Map";"1";"no";"yes";"";"";"medium"
"Map pickups";"World Map: Colour of Lumina (Upgrade Material)";"DT_ChestsContent#Chest_WorldMap_36";"Colour of Lumina (Upgrade Material)";"World Map";"1";"no";"yes";"";"";"medium"
"Map pickups";"World Map: Colour of Lumina (Upgrade Material)";"DT_ChestsContent#Chest_WorldMap_37";"Colour of Lumina (Upgrade Material)";"World Map";"1";"no";"yes";"";"";"medium"
"Map pickups";"World Map: Chroma Pack - Large (Upgrade Material)";"DT_ChestsContent#Chest_WorldMap_38";"Chroma Pack - Large (Upgrade Material)";"World Map";"1";"no";"yes";"";"";"medium"
"Map pickups";"World Map: Fueling Break (Pictos)";"DT_ChestsContent#Chest_WorldMap_39";"Fueling Break (Pictos)";"World Map";"1";"no";"yes";"";"";"medium"
"Map pickups";"World Map: Colour of Lumina (Upgrade Material)";"DT_ChestsContent#Chest_WorldMap_40";"Colour of Lumina (Upgrade Material)";"World Map";"1";"no";"yes";"";"";"medium"
"Map pickups";"World Map: Chroma Pack - Normal (Upgrade Material)";"DT_ChestsContent#Chest_WorldMap_41";"Chroma Pack - Normal (Upgrade Material)";"World Map";"1";"no";"yes";"";"";"medium"
"Map pickups";"World Map: Colour of Lumina (Upgrade Material)";"DT_ChestsContent#Chest_WorldMap_42";"Colour of Lumina (Upgrade Material)";"World Map";"1";"no";"yes";"";"";"medium"
"Map pickups";"World Map: Colour of Lumina (Upgrade Material)";"DT_ChestsContent#Chest_WorldMap_43";"Colour of Lumina (Upgrade Material)";"World Map";"1";"no";"yes";"";"";"medium"
"Map pickups";"World Map: Colour of Lumina (Upgrade Material)";"DT_ChestsContent#Chest_WorldMap_44";"Colour of Lumina (Upgrade Material)";"World Map";"1";"no";"yes";"";"";"medium"
"Map pickups";"World Map: Colour of Lumina (Upgrade Material)";"DT_ChestsContent#Chest_WorldMap_45";"Colour of Lumina (Upgrade Material)";"World Map";"1";"no";"yes";"";"";"medium"
"Map pickups";"World Map: Breaking Burn (Pictos)";"DT_ChestsContent#Chest_WorldMap_46";"Breaking Burn (Pictos)";"World Map";"1";"no";"yes";"";"";"medium"
"Map pickups";"World Map: Charging Tint (Pictos)";"DT_ChestsContent#Chest_WorldMap_47";"Charging Tint (Pictos)";"World Map";"1";"no";"yes";"";"";"medium"
"Map pickups";"World Map: Chroma Pack - Normal (Upgrade Material)";"DT_ChestsContent#Chest_WorldMap_48";"Chroma Pack - Normal (Upgrade Material)";"World Map";"1";"no";"yes";"";"";"medium"
"Map pickups";"World Map: Critical Vulnerability (Pictos)";"DT_ChestsContent#Chest_WorldMap_49";"Critical Vulnerability (Pictos)";"World Map";"1";"no";"yes";"";"";"medium"
"Map pickups";"World Map: Accelerating Heal (Pictos)";"DT_ChestsContent#Chest_WorldMap_50";"Accelerating Heal (Pictos)";"World Map";"1";"no";"yes";"";"";"medium"
"Map pickups";"World Map: Chroma Pack - Normal (Upgrade Material)";"DT_ChestsContent#Chest_WorldMap_51";"Chroma Pack - Normal (Upgrade Material)";"World Map";"1";"no";"yes";"";"";"medium"
"Map pickups";"World Map: Effective Support (Pictos)";"DT_ChestsContent#Chest_WorldMap_52";"Effective Support (Pictos)";"World Map";"1";"no";"yes";"";"";"medium"
"Map pickups";"World Map: Chroma Pack - Normal (Upgrade Material)";"DT_ChestsContent#Chest_WorldMap_53";"Chroma Pack - Normal (Upgrade Material)";"World Map";"1";"no";"yes";"";"";"medium"
"Map pickups";"World Map: Chroma Pack - Normal (Upgrade Material)";"DT_ChestsContent#Chest_WorldMap_54";"Chroma Pack - Normal (Upgrade Material)";"World Map";"1";"no";"yes";"";"";"medium"
"Map pickups";"World Map: Colour of Lumina (Upgrade Material)";"DT_ChestsContent#Chest_WorldMap_55";"Colour of Lumina (Upgrade Material)";"World Map";"1";"no";"yes";"";"";"medium"
"Map pickups";"World Map: Chroma Pack - Normal (Upgrade Material)";"DT_ChestsContent#Chest_WorldMap_56";"Chroma Pack - Normal (Upgrade Material)";"World Map";"1";"no";"yes";"";"";"medium"
"Map pickups";"World Map: Chroma Pack - Normal (Upgrade Material)";"DT_ChestsContent#Chest_WorldMap_57";"Chroma Pack - Normal (Upgrade Material)";"World Map";"1";"no";"yes";"";"";"medium"
"Map pickups";"World Map: Critical Break (Pictos)";"DT_ChestsContent#Chest_WorldMap_58";"Critical Break (Pictos)";"World Map";"1";"no";"yes";"";"";"medium"
"Map pickups";"World Map: Chroma Pack - Normal (Upgrade Material)";"DT_ChestsContent#Chest_WorldMap_59";"Chroma Pack - Normal (Upgrade Material)";"World Map";"1";"no";"yes";"";"";"medium"
"Map pickups";"World Map: Empowering Dodge (Pictos)";"DT_ChestsContent#Chest_WorldMap_60";"Empowering Dodge (Pictos)";"World Map";"1";"no";"yes";"";"";"medium"
"Map pickups";"World Map: Longer Rush (Pictos)";"DT_ChestsContent#Chest_WorldMap_61";"Longer Rush (Pictos)";"World Map";"1";"no";"yes";"";"";"medium"
"Map pickups";"World Map: Breaking Slow (Pictos)";"DT_ChestsContent#Chest_WorldMap_62";"Breaking Slow (Pictos)";"World Map";"1";"no";"yes";"";"";"medium"
"Map pickups";"World Map: Chroma Pack - Normal (Upgrade Material)";"DT_ChestsContent#Chest_WorldMap_63";"Chroma Pack - Normal (Upgrade Material)";"World Map";"1";"no";"yes";"";"";"medium"
"Map pickups";"World Map: Colour of Lumina (Upgrade Material)";"DT_ChestsContent#Chest_WorldMap_64";"Colour of Lumina (Upgrade Material)";"World Map";"1";"no";"yes";"";"";"medium"
"Map pickups";"World Map: Colour of Lumina (Upgrade Material)";"DT_ChestsContent#Chest_WorldMap_65";"Colour of Lumina (Upgrade Material)";"World Map";"1";"no";"yes";"";"";"medium"
"Map pickups";"World Map: Energising Shell (Pictos)";"DT_ChestsContent#Chest_WorldMap_66";"Energising Shell (Pictos)";"World Map";"1";"no";"yes";"";"";"medium"
"Map pickups";"World Map: Colour of Lumina (Upgrade Material)";"DT_ChestsContent#Chest_WorldMap_67";"Colour of Lumina (Upgrade Material)";"World Map";"1";"no";"yes";"";"";"medium"
"Map pickups";"World Map: Chroma Pack - Small (Upgrade Material)";"DT_ChestsContent#Chest_WorldMap_68";"Chroma Pack - Small (Upgrade Material)";"World Map";"1";"no";"yes";"";"";"medium"
"Map pickups";"Act 3 Lumiere: Chroma Pack - Normal (Upgrade Material)";"DT_ChestsContent#Chest_Lumiere_1";"Chroma Pack - Normal (Upgrade Material)";"Lumiere - Act 3";"3";"yes";"no";"";"";"low"
"Map pickups (loot table chest)";"Chest_Lumiere_2";"DT_ChestsContent#Chest_Lumiere_2";"Chroma Catalyst (Upgrade Material)";"Lumiere - Act 3";"3";"yes";"no";"";"";"low"
"Map pickups";"Act 3 Lumiere: Energising Powerful (Pictos)";"DT_ChestsContent#Chest_Lumiere_3";"Energising Powerful (Pictos)";"Lumiere - Act 3";"3";"yes";"no";"";"";"low"
"Map pickups";"Act 3 Lumiere: Chroma Pack - Normal (Upgrade Material)";"DT_ChestsContent#Chest_Lumiere_4";"Chroma Pack - Normal (Upgrade Material)";"Lumiere - Act 3";"3";"yes";"no";"";"";"low"
"Map pickups";"Act 3 Lumiere: Chroma Pack - Normal (Upgrade Material)";"DT_ChestsContent#Chest_Lumiere_5";"Chroma Pack - Normal (Upgrade Material)";"Lumiere - Act 3";"3";"yes";"no";"";"";"low"
"Map pickups";"Act 3 Lumiere: Colour of Lumina (Upgrade Material)";"DT_ChestsContent#Chest_Lumiere_6";"Colour of Lumina (Upgrade Material)";"Lumiere - Act 3";"3";"yes";"no";"";"";"low"
"Map pickups";"Act 3 Lumiere: Chroma Pack - Small (Upgrade Material)";"DT_ChestsContent#Chest_Lumiere_7";"Chroma Pack - Small (Upgrade Material)";"Lumiere - Act 3";"3";"yes";"no";"";"";"low"
"Map pickups";"Act 3 Lumiere: Chroma Pack - Small (Upgrade Material)";"DT_ChestsContent#Chest_Lumiere_8";"Chroma Pack - Small (Upgrade Material)";"Lumiere - Act 3";"3";"yes";"no";"";"";"low"
"Map pickups";"Act 3 Lumiere: Colour of Lumina (Upgrade Material)";"DT_ChestsContent#Chest_Lumiere_9";"Colour of Lumina (Upgrade Material)";"Lumiere - Act 3";"3";"yes";"no";"";"";"low"
"Map pickups (loot table chest)";"Chest_Lumiere_10";"DT_ChestsContent#Chest_Lumiere_10";"Chroma Catalyst (Upgrade Material)";"Lumiere - Act 3";"3";"yes";"no";"";"";"low"
"Map pickups (loot table chest)";"Chest_Lumiere_11";"DT_ChestsContent#Chest_Lumiere_11";"Chroma Catalyst (Upgrade Material)";"Lumiere - Act 3";"3";"yes";"no";"";"";"low"
"Map pickups";"Act 3 Lumiere: Colour of Lumina (Upgrade Material)";"DT_ChestsContent#Chest_Lumiere_12";"Colour of Lumina (Upgrade Material)";"Lumiere - Act 3";"3";"yes";"no";"";"";"low"
"Map pickups (loot table chest)";"Chest_Lumiere_13";"DT_ChestsContent#Chest_Lumiere_13";"Chroma Catalyst (Upgrade Material)";"Lumiere - Act 3";"3";"yes";"no";"";"";"low"
"Map pickups";"Act 3 Lumiere: Charging Stun (Pictos)";"DT_ChestsContent#Chest_Lumiere_14";"Charging Stun (Pictos)";"Lumiere - Act 3";"3";"yes";"no";"";"";"low"
"Map pickups";"Act 3 Lumiere: Chroma Pack - Small (Upgrade Material)";"DT_ChestsContent#Chest_Lumiere_15";"Chroma Pack - Small (Upgrade Material)";"Lumiere - Act 3";"3";"yes";"no";"";"";"low"
"Map pickups";"Act 3 Lumiere: Colour of Lumina (Upgrade Material)";"DT_ChestsContent#Chest_Lumiere_16";"Colour of Lumina (Upgrade Material)";"Lumiere - Act 3";"3";"yes";"no";"";"";"low"
"Map pickups";"Act 3 Lumiere: Colour of Lumina (Upgrade Material)";"DT_ChestsContent#Chest_Lumiere_17";"Colour of Lumina (Upgrade Material)";"Lumiere - Act 3";"3";"yes";"no";"";"";"low"
"Map pickups";"Act 3 Lumiere: Colour of Lumina (Upgrade Material)";"DT_ChestsContent#Chest_Lumiere_18";"Colour of Lumina (Upgrade Material)";"Lumiere - Act 3";"3";"yes";"no";"";"";"low"
"Map pickups";"Act 3 Lumiere: Colour of Lumina (Upgrade Material)";"DT_ChestsContent#Chest_Lumiere_19";"Colour of Lumina (Upgrade Material)";"Lumiere - Act 3";"3";"yes";"no";"";"";"low"
"Map pickups";"Act 3 Lumiere: Colour of Lumina (Upgrade Material)";"DT_ChestsContent#Chest_Lumiere_20";"Colour of Lumina (Upgrade Material)";"Lumiere - Act 3";"3";"yes";"no";"";"";"low"
"Map pickups";"Act 3 Lumiere: Chroma Pack - Small (Upgrade Material)";"DT_ChestsContent#Chest_Lumiere_21";"Chroma Pack - Small (Upgrade Material)";"Lumiere - Act 3";"3";"yes";"no";"";"";"low"
"Map pickups";"Act 3 Lumiere: Colour of Lumina (Upgrade Material)";"DT_ChestsContent#Chest_Lumiere_22";"Colour of Lumina (Upgrade Material)";"Lumiere - Act 3";"3";"yes";"no";"";"";"low"
"Map pickups";"Act 3 Lumiere: Colour of Lumina (Upgrade Material)";"DT_ChestsContent#Chest_Lumiere_23";"Colour of Lumina (Upgrade Material)";"Lumiere - Act 3";"3";"yes";"no";"";"";"low"
"Map pickups (loot table chest)";"Chest_Lumiere_24";"DT_ChestsContent#Chest_Lumiere_24";"Chroma Catalyst (Upgrade Material)";"Lumiere - Act 3";"3";"yes";"no";"";"";"low"
"Map pickups";"Act 3 Lumiere: Healing Stun (Pictos)";"DT_ChestsContent#Chest_Lumiere_25";"Healing Stun (Pictos)";"Lumiere - Act 3";"3";"yes";"no";"";"";"low"
"Map pickups (loot table chest)";"Chest_Lumiere_26";"DT_ChestsContent#Chest_Lumiere_26";"Chroma Catalyst (Upgrade Material)";"Lumiere - Act 3";"3";"yes";"no";"";"";"low"
"Map pickups";"Act 3 Lumiere: Colour of Lumina (Upgrade Material)";"DT_ChestsContent#Chest_Lumiere_27";"Colour of Lumina (Upgrade Material)";"Lumiere - Act 3";"3";"yes";"no";"";"";"low"
"Map pickups";"Act 3 Lumiere: Chroma Pack - Small (Upgrade Material)";"DT_ChestsContent#Chest_Lumiere_28";"Chroma Pack - Small (Upgrade Material)";"Lumiere - Act 3";"3";"yes";"no";"";"";"low"
"Map pickups";"Act 3 Lumiere: Colour of Lumina (Upgrade Material)";"DT_ChestsContent#Chest_Lumiere_29";"Colour of Lumina (Upgrade Material)";"Lumiere - Act 3";"3";"yes";"no";"";"";"low"
"Map pickups (loot table chest)";"Chest_Lumiere_30";"DT_ChestsContent#Chest_Lumiere_30";"Chroma Catalyst (Upgrade Material)";"Lumiere - Act 3";"3";"yes";"no";"";"";"low"
"Map pickups";"Act 3 Lumiere: Recoat (Upgrade Material)";"DT_ChestsContent#Chest_Lumiere_31";"Recoat (Upgrade Material)";"Lumiere - Act 3";"3";"yes";"no";"";"";"low"
"Map pickups";"Act 3 Lumiere: Recoat (Upgrade Material)";"DT_ChestsContent#Chest_Lumiere_32";"Recoat (Upgrade Material)";"Lumiere - Act 3";"3";"yes";"no";"";"";"low"
"Map pickups";"Act 3 Lumiere: Colour of Lumina (Upgrade Material)";"DT_ChestsContent#Chest_Lumiere_33";"Colour of Lumina (Upgrade Material)";"Lumiere - Act 3";"3";"yes";"no";"";"";"low"
"Map pickups";"Act 3 Lumiere: Recoat (Upgrade Material)";"DT_ChestsContent#Chest_Lumiere_34";"Recoat (Upgrade Material)";"Lumiere - Act 3";"3";"yes";"no";"";"";"low"
"Map pickups";"Act 3 Lumiere: Chroma Pack - Small (Upgrade Material)";"DT_ChestsContent#Chest_Lumiere_35";"Chroma Pack - Small (Upgrade Material)";"Lumiere - Act 3";"3";"yes";"no";"";"";"low"
"Map pickups";"Act 3 Lumiere: Chroma Pack - Small (Upgrade Material)";"DT_ChestsContent#Chest_Lumiere_36";"Chroma Pack - Small (Upgrade Material)";"Lumiere - Act 3";"3";"yes";"no";"";"";"low"
"Map pickups";"Act 3 Lumiere: Recoat (Upgrade Material)";"DT_ChestsContent#Chest_Lumiere_37";"Recoat (Upgrade Material)";"Lumiere - Act 3";"3";"yes";"no";"";"";"low"
"Map pickups";"Act 3 Lumiere: Gradient Fighter (Pictos)";"DT_ChestsContent#Chest_Lumiere_38";"Gradient Fighter (Pictos)";"Lumiere - Act 3";"3";"yes";"no";"";"";"low"
"Map pickups";"Act 3 Lumiere: Colour of Lumina (Upgrade Material)";"DT_ChestsContent#Chest_Lumiere_39";"Colour of Lumina (Upgrade Material)";"Lumiere - Act 3";"3";"yes";"no";"";"";"low"
"Map pickups";"Act 3 Lumiere: Colour of Lumina (Upgrade Material)";"DT_ChestsContent#Chest_Lumiere_40";"Colour of Lumina (Upgrade Material)";"Lumiere - Act 3";"3";"yes";"no";"";"";"low"
"Map pickups";"Act 3 Lumiere: Colour of Lumina (Upgrade Material)";"DT_ChestsContent#Chest_Lumiere_41";"Colour of Lumina (Upgrade Material)";"Lumiere - Act 3";"3";"yes";"no";"";"";"low"
"Map pickups";"Act 3 Lumiere: Chroma Pack - Small (Upgrade Material)";"DT_ChestsContent#Chest_Lumiere_42";"Chroma Pack - Small (Upgrade Material)";"Lumiere - Act 3";"3";"yes";"no";"";"";"low"
"Map pickups";"Act 3 Lumiere: Colour of Lumina (Upgrade Material)";"DT_ChestsContent#Chest_Lumiere_43";"Colour of Lumina (Upgrade Material)";"Lumiere - Act 3";"3";"yes";"no";"";"";"low"
"Map pickups";"Act 3 Lumiere: Lumiere (Music Record)";"DT_ChestsContent#Chest_Lumiere_44";"Lumiere (Music Record)";"Lumiere - Act 3";"3";"yes";"no";"";"";"low"
"Map pickups";"Act 1 Lumiere: Chroma Pack - Small (Upgrade Material)";"DT_ChestsContent#Chest_Lumiere_ACT1_1";"Chroma Pack - Small (Upgrade Material)";"Lumiere - Act 1";"0";"yes";"no";"";"";"high"
"Map pickups";"Act 1 Lumiere: Chroma Pack - Small (Upgrade Material)";"DT_ChestsContent#Chest_Lumiere_ACT1_2";"Chroma Pack - Small (Upgrade Material)";"Lumiere - Act 1";"0";"yes";"no";"";"";"high"
"Map pickups";"Act 1 Lumiere: Chroma Pack - Small (Upgrade Material)";"DT_ChestsContent#Chest_Lumiere_ACT1_3";"Chroma Pack - Small (Upgrade Material)";"Lumiere - Act 1";"0";"yes";"no";"";"";"high"
"Map pickups";"Act 1 Lumiere: Chroma Pack - Small (Upgrade Material)";"DT_ChestsContent#Chest_Lumiere_ACT1_4";"Chroma Pack - Small (Upgrade Material)";"Lumiere - Act 1";"0";"yes";"no";"";"";"high"
"Map pickups";"Yellow Harvest: Colour of Lumina (Upgrade Material)";"DT_ChestsContent#Chest_YellowForest_1";"Colour of Lumina (Upgrade Material)";"Yellow Harvest";"1";"no";"yes";"";"";"low"
"Map pickups";"Yellow Harvest: Chroma Pack - Small (Upgrade Material)";"DT_ChestsContent#Chest_YellowForest_2";"Chroma Pack - Small (Upgrade Material)";"Yellow Harvest";"1";"no";"yes";"";"";"low"
"Map pickups";"Yellow Harvest: Chroma Pack - Large (Upgrade Material)";"DT_ChestsContent#Chest_YellowForest_3";"Chroma Pack - Large (Upgrade Material)";"Yellow Harvest";"1";"no";"yes";"";"";"low"
"Map pickups";"Yellow Harvest: Chroma Pack - Normal (Upgrade Material)";"DT_ChestsContent#Chest_YellowForest_4";"Chroma Pack - Normal (Upgrade Material)";"Yellow Harvest";"1";"no";"yes";"";"";"low"
"Map pickups";"Yellow Harvest: Colour of Lumina (Upgrade Material)";"DT_ChestsContent#Chest_YellowForest_5";"Colour of Lumina (Upgrade Material)";"Yellow Harvest";"1";"no";"yes";"";"";"low"
"Map pickups";"Yellow Harvest: Death Bomb (Pictos)";"DT_ChestsContent#Chest_YellowForest_6";"Death Bomb (Pictos)";"Yellow Harvest";"1";"no";"yes";"";"";"low"
"Map pickups";"Falling Leaves: Chroma Pack - Small (Upgrade Material)";"DT_ChestsContent#Chest_FallingLeaves_1";"Chroma Pack - Small (Upgrade Material)";"Falling Leaves";"2";"no";"yes";"";"";"low"
"Map pickups";"Falling Leaves: SOS Rush (Pictos)";"DT_ChestsContent#Chest_FallingLeaves_2";"SOS Rush (Pictos)";"Falling Leaves";"2";"no";"yes";"";"";"low"
"Map pickups";"Falling Leaves: Chroma Pack - Normal (Upgrade Material)";"DT_ChestsContent#Chest_FallingLeaves_3";"Chroma Pack - Normal (Upgrade Material)";"Falling Leaves";"2";"no";"yes";"";"";"low"
"Map pickups";"Crimson Forest: Colour of Lumina (Upgrade Material)";"DT_ChestsContent#Chest_CrimsonForest_1";"Colour of Lumina (Upgrade Material)";"Crimson Forest";"2";"no";"yes";"";"";"low"
"Map pickups";"Crimson Forest: Chroma Pack - Normal (Upgrade Material)";"DT_ChestsContent#Chest_CrimsonForest_2";"Chroma Pack - Normal (Upgrade Material)";"Crimson Forest";"2";"no";"yes";"";"";"low"
"Map pickups";"Crimson Forest: Chroma Pack - Normal (Upgrade Material)";"DT_ChestsContent#Chest_CrimsonForest_3";"Chroma Pack - Normal (Upgrade Material)";"Crimson Forest";"2";"no";"yes";"";"";"low"
"Map pickups";"Crimson Forest: Colour of Lumina (Upgrade Material)";"DT_ChestsContent#Chest_CrimsonForest_4";"Colour of Lumina (Upgrade Material)";"Crimson Forest";"2";"no";"yes";"";"";"low"
"Map pickups";"Crimson Forest: Colour of Lumina (Upgrade Material)";"DT_ChestsContent#Chest_CrimsonForest_5";"Colour of Lumina (Upgrade Material)";"Crimson Forest";"2";"no";"yes";"";"";"low"
"Map pickups (loot table chest)";"Chest_CrimsonForest_6";"DT_ChestsContent#Chest_CrimsonForest_6";"Chroma Catalyst (Upgrade Material)";"Crimson Forest";"2";"no";"yes";"";"";"low"
"Map pickups";"Crimson Forest: Chevalam (Gustave Weapon)";"DT_ChestsContent#Chest_CrimsonForest_7";"Chevalam (Gustave Weapon)";"Crimson Forest";"2";"no";"yes";"";"";"low"
"Map pickups (loot table chest)";"Chest_CrimsonForest_8";"DT_ChestsContent#Chest_CrimsonForest_8";"Chroma Catalyst (Upgrade Material)";"Crimson Forest";"2";"no";"yes";"";"";"low"
"Map pickups";"Crimson Forest: Colour of Lumina (Upgrade Material)";"DT_ChestsContent#Chest_CrimsonForest_9";"Colour of Lumina (Upgrade Material)";"Crimson Forest";"2";"no";"yes";"";"";"low"
"Map pickups";"Frozen Hearts: Burn Affinity (Pictos)";"DT_ChestsContent#Chest_FrozenHearts_1";"Burn Affinity (Pictos)";"Frozen Hearts";"2";"no";"yes";"";"";"medium"
"Map pickups";"Frozen Hearts: Colour of Lumina (Upgrade Material)";"DT_ChestsContent#Chest_FrozenHearts_2";"Colour of Lumina (Upgrade Material)";"Frozen Hearts";"2";"no";"yes";"";"";"medium"
"Map pickups";"Frozen Hearts: Colour of Lumina (Upgrade Material)";"DT_ChestsContent#Chest_FrozenHearts_3";"Colour of Lumina (Upgrade Material)";"Frozen Hearts";"2";"no";"yes";"";"";"medium"
"Map pickups (loot table chest)";"Chest_FrozenHearts_4";"DT_ChestsContent#Chest_FrozenHearts_4";"Chroma Catalyst (Upgrade Material)";"Frozen Hearts";"2";"no";"yes";"";"";"medium"
"Map pickups";"Frozen Hearts: Chroma Pack - Normal (Upgrade Material)";"DT_ChestsContent#Chest_FrozenHearts_5";"Chroma Pack - Normal (Upgrade Material)";"Frozen Hearts";"2";"no";"yes";"";"";"medium"
"Map pickups (loot table chest)";"Chest_FrozenHearts_6";"DT_ChestsContent#Chest_FrozenHearts_6";"Chroma Catalyst (Upgrade Material)";"Frozen Hearts";"2";"no";"yes";"";"";"medium"
"Map pickups";"Frozen Hearts: Anti-Freeze (Pictos)";"DT_ChestsContent#Chest_FrozenHearts_7";"Anti-Freeze (Pictos)";"Frozen Hearts";"2";"no";"yes";"";"";"medium"
"Map pickups (loot table chest)";"Chest_FrozenHearts_8";"DT_ChestsContent#Chest_FrozenHearts_8";"Chroma Catalyst (Upgrade Material)";"Frozen Hearts";"2";"no";"yes";"";"";"medium"
"Map pickups";"Frozen Hearts: Revive Tint Shard (Upgrade Material)";"DT_ChestsContent#Chest_FrozenHearts_9";"Revive Tint Shard (Upgrade Material)";"Frozen Hearts";"2";"no";"yes";"";"";"medium"
"Map pickups";"Frozen Hearts: Colour of Lumina (Upgrade Material)";"DT_ChestsContent#Chest_FrozenHearts_10";"Colour of Lumina (Upgrade Material)";"Frozen Hearts";"2";"no";"yes";"";"";"medium"
"Map pickups";"Frozen Hearts: Colour of Lumina (Upgrade Material)";"DT_ChestsContent#Chest_FrozenHearts_11";"Colour of Lumina (Upgrade Material)";"Frozen Hearts";"2";"no";"yes";"";"";"medium"
"Map pickups";"Frozen Hearts: Chroma Pack - Large (Upgrade Material)";"DT_ChestsContent#Chest_FrozenHearts_12";"Chroma Pack - Large (Upgrade Material)";"Frozen Hearts";"2";"no";"yes";"";"";"medium"
"Map pickups";"Frozen Hearts: Chroma Pack - Normal (Upgrade Material)";"DT_ChestsContent#Chest_FrozenHearts_13";"Chroma Pack - Normal (Upgrade Material)";"Frozen Hearts";"2";"no";"yes";"";"";"medium"
"Map pickups";"Frozen Hearts: Colour of Lumina (Upgrade Material)";"DT_ChestsContent#Chest_FrozenHearts_14";"Colour of Lumina (Upgrade Material)";"Frozen Hearts";"2";"no";"yes";"";"";"medium"
"Map pickups";"Frozen Hearts: Chroma Pack - Small (Upgrade Material)";"DT_ChestsContent#Chest_FrozenHearts_15";"Chroma Pack - Small (Upgrade Material)";"Frozen Hearts";"2";"no";"yes";"";"";"medium"
"Map pickups (loot table chest)";"Chest_FrozenHearts_16";"DT_ChestsContent#Chest_FrozenHearts_16";"Chroma Catalyst (Upgrade Material)";"Frozen Hearts";"2";"no";"yes";"";"";"medium"
"Map pickups (loot table chest)";"Chest_FrozenHearts_17";"DT_ChestsContent#Chest_FrozenHearts_17";"Chroma Catalyst (Upgrade Material)";"Frozen Hearts";"2";"no";"yes";"";"";"medium"
"Map pickups";"Frozen Hearts: Chroma Pack - Normal (Upgrade Material)";"DT_ChestsContent#Chest_FrozenHearts_18";"Chroma Pack - Normal (Upgrade Material)";"Frozen Hearts";"2";"no";"yes";"";"";"medium"
"Map pickups";"Frozen Hearts: Chroma Pack - Normal (Upgrade Material)";"DT_ChestsContent#Chest_FrozenHearts_19";"Chroma Pack - Normal (Upgrade Material)";"Frozen Hearts";"2";"no";"yes";"";"";"medium"
"Map pickups";"Frozen Hearts: Chroma Pack - Small (Upgrade Material)";"DT_ChestsContent#Chest_FrozenHearts_20";"Chroma Pack - Small (Upgrade Material)";"Frozen Hearts";"2";"no";"yes";"";"";"medium"
"Map pickups";"Frozen Hearts: Burning Break (Pictos)";"DT_ChestsContent#Chest_FrozenHearts_21";"Burning Break (Pictos)";"Frozen Hearts";"2";"no";"yes";"";"";"medium"
"Map pickups";"Frozen Hearts: Chroma Pack - Small (Upgrade Material)";"DT_ChestsContent#Chest_FrozenHearts_22";"Chroma Pack - Small (Upgrade Material)";"Frozen Hearts";"2";"no";"yes";"";"";"medium"
"Map pickups";"Frozen Hearts: Chroma Pack - Normal (Upgrade Material)";"DT_ChestsContent#Chest_FrozenHearts_23";"Chroma Pack - Normal (Upgrade Material)";"Frozen Hearts";"2";"no";"yes";"";"";"medium"
"Map pickups";"Frozen Hearts: Colour of Lumina (Upgrade Material)";"DT_ChestsContent#Chest_FrozenHearts_24";"Colour of Lumina (Upgrade Material)";"Frozen Hearts";"2";"no";"yes";"";"";"medium"
"Map pickups";"Frozen Hearts: Chroma Pack - Small (Upgrade Material)";"DT_ChestsContent#Chest_FrozenHearts_25";"Chroma Pack - Small (Upgrade Material)";"Frozen Hearts";"2";"no";"yes";"";"";"medium"
"Map pickups";"Frozen Hearts: Colour of Lumina (Upgrade Material)";"DT_ChestsContent#Chest_FrozenHearts_26";"Colour of Lumina (Upgrade Material)";"Frozen Hearts";"2";"no";"yes";"";"";"medium"
"Map pickups (loot table chest)";"Chest_FrozenHearts_27";"DT_ChestsContent#Chest_FrozenHearts_27";"Chroma Catalyst (Upgrade Material)";"Frozen Hearts";"2";"no";"yes";"";"";"medium"
"Map pickups";"Frozen Hearts: Colour of Lumina (Upgrade Material)";"DT_ChestsContent#Chest_FrozenHearts_29";"Colour of Lumina (Upgrade Material)";"Frozen Hearts";"2";"no";"yes";"";"";"medium"
"Map pickups (loot table chest)";"Chest_FrozenHearts_30";"DT_ChestsContent#Chest_FrozenHearts_30";"Chroma Catalyst (Upgrade Material)";"Frozen Hearts";"2";"no";"yes";"";"";"medium"
"Map pickups";"Frozen Hearts: Chroma Pack - Normal (Upgrade Material)";"DT_ChestsContent#Chest_FrozenHearts_31";"Chroma Pack - Normal (Upgrade Material)";"Frozen Hearts";"2";"no";"yes";"";"";"medium"
"Map pickups";"The Reacher: Chroma Pack - Normal (Upgrade Material)";"DT_ChestsContent#Chest_Reacher_1";"Chroma Pack - Normal (Upgrade Material)";"The Reacher";"3";"no";"yes";"";"";"medium"
"Map pickups";"The Reacher: Charging Attack (Pictos)";"DT_ChestsContent#Chest_Reacher_2";"Charging Attack (Pictos)";"The Reacher";"3";"no";"yes";"";"";"medium"
"Map pickups";"The Reacher: Charging Counter (Pictos)";"DT_ChestsContent#Chest_Reacher_3";"Charging Counter (Pictos)";"The Reacher";"3";"no";"yes";"";"";"medium"
"Map pickups";"The Reacher: Protecting Tint (Pictos)";"DT_ChestsContent#Chest_Reacher_4";"Protecting Tint (Pictos)";"The Reacher";"3";"no";"yes";"";"";"medium"
"Map pickups";"The Reacher: Chroma Pack - Normal (Upgrade Material)";"DT_ChestsContent#Chest_Reacher_5";"Chroma Pack - Normal (Upgrade Material)";"The Reacher";"3";"no";"yes";"";"";"medium"
"Map pickups";"The Reacher: Longer Shell (Pictos)";"DT_ChestsContent#Chest_Reacher_6";"Longer Shell (Pictos)";"The Reacher";"3";"no";"yes";"";"";"medium"
"Map pickups";"The Reacher: Chroma Pack - Normal (Upgrade Material)";"DT_ChestsContent#Chest_Reacher_7";"Chroma Pack - Normal (Upgrade Material)";"The Reacher";"3";"no";"yes";"";"";"medium"
"Map pickups";"The Reacher: Colour of Lumina (Upgrade Material)";"DT_ChestsContent#Chest_Reacher_8";"Colour of Lumina (Upgrade Material)";"The Reacher";"3";"no";"yes";"";"";"medium"
"Map pickups";"The Reacher: Chroma Pack - Small (Upgrade Material)";"DT_ChestsContent#Chest_Reacher_9";"Chroma Pack - Small (Upgrade Material)";"The Reacher";"3";"no";"yes";"";"";"medium"
"Map pickups";"The Reacher: Colour of Lumina (Upgrade Material)";"DT_ChestsContent#Chest_Reacher_10";"Colour of Lumina (Upgrade Material)";"The Reacher";"3";"no";"yes";"";"";"medium"
"Map pickups";"The Reacher: Chroma Pack - Small (Upgrade Material)";"DT_ChestsContent#Chest_Reacher_11";"Chroma Pack - Small (Upgrade Material)";"The Reacher";"3";"no";"yes";"";"";"medium"
"Map pickups";"The Reacher: Colour of Lumina (Upgrade Material)";"DT_ChestsContent#Chest_Reacher_12";"Colour of Lumina (Upgrade Material)";"The Reacher";"3";"no";"yes";"";"";"medium"
"Map pickups";"The Reacher: Chroma Pack - Small (Upgrade Material)";"DT_ChestsContent#Chest_Reacher_13";"Chroma Pack - Small (Upgrade Material)";"The Reacher";"3";"no";"yes";"";"";"medium"
"Map pickups";"The Reacher: Colour of Lumina (Upgrade Material)";"DT_ChestsContent#Chest_Reacher_14";"Colour of Lumina (Upgrade Material)";"The Reacher";"3";"no";"yes";"";"";"medium"
"Map pickups";"The Reacher: Chroma Pack - Small (Upgrade Material)";"DT_ChestsContent#Chest_Reacher_15";"Chroma Pack - Small (Upgrade Material)";"The Reacher";"3";"no";"yes";"";"";"medium"
"Map pickups";"The Reacher: Colour of Lumina (Upgrade Material)";"DT_ChestsContent#Chest_Reacher_16";"Colour of Lumina (Upgrade Material)";"The Reacher";"3";"no";"yes";"";"";"medium"
"Map pickups";"The Reacher: Healing Boon (Pictos)";"DT_ChestsContent#Chest_Reacher_17";"Healing Boon (Pictos)";"The Reacher";"3";"no";"yes";"";"";"medium"
"Map pickups";"The Reacher: Chroma Pack - Normal (Upgrade Material)";"DT_ChestsContent#Chest_Reacher_18";"Chroma Pack - Normal (Upgrade Material)";"The Reacher";"3";"no";"yes";"";"";"medium"
"Map pickups";"The Reacher: Colour of Lumina (Upgrade Material)";"DT_ChestsContent#Chest_Reacher_19";"Colour of Lumina (Upgrade Material)";"The Reacher";"3";"no";"yes";"";"";"medium"
"Map pickups";"The Reacher: Chroma Pack - Normal (Upgrade Material)";"DT_ChestsContent#Chest_Reacher_20";"Chroma Pack - Normal (Upgrade Material)";"The Reacher";"3";"no";"yes";"";"";"medium"
"Map pickups";"The Reacher: Chroma Pack - Small (Upgrade Material)";"DT_ChestsContent#Chest_Reacher_21";"Chroma Pack - Small (Upgrade Material)";"The Reacher";"3";"no";"yes";"";"";"medium"
"Map pickups";"The Reacher: Colour of Lumina (Upgrade Material)";"DT_ChestsContent#Chest_Reacher_22";"Colour of Lumina (Upgrade Material)";"The Reacher";"3";"no";"yes";"";"";"medium"
"Map pickups";"The Reacher: Chroma Pack - Small (Upgrade Material)";"DT_ChestsContent#Chest_Reacher_23";"Chroma Pack - Small (Upgrade Material)";"The Reacher";"3";"no";"yes";"";"";"medium"
"Map pickups";"The Reacher: Draining Cleanse (Pictos)";"DT_ChestsContent#Chest_Reacher_24";"Draining Cleanse (Pictos)";"The Reacher";"3";"no";"yes";"";"";"medium"
"Map pickups";"The Reacher: Colour of Lumina (Upgrade Material)";"DT_ChestsContent#Chest_Reacher_25";"Colour of Lumina (Upgrade Material)";"The Reacher";"3";"no";"yes";"";"";"medium"
"Map pickups";"The Reacher: Colour of Lumina (Upgrade Material)";"DT_ChestsContent#Chest_Reacher_26";"Colour of Lumina (Upgrade Material)";"The Reacher";"3";"no";"yes";"";"";"medium"
"Map pickups";"Renoir's Drafts: Quick Break (Pictos)";"DT_ChestsContent#Chest_RenoirSDraft_1";"Quick Break (Pictos)";"Renoir's Drafts";"3";"no";"yes";"";"";"medium"
"Map pickups";"Renoir's Drafts: Colour of Lumina (Upgrade Material)";"DT_ChestsContent#Chest_RenoirSDraft_2";"Colour of Lumina (Upgrade Material)";"Renoir's Drafts";"3";"no";"yes";"";"";"medium"
"Map pickups";"Renoir's Drafts: Rush On Powerful (Pictos)";"DT_ChestsContent#Chest_RenoirSDraft_3";"Rush On Powerful (Pictos)";"Renoir's Drafts";"3";"no";"yes";"";"";"medium"
"Map pickups (loot table chest)";"Chest_RenoirSDraft_4";"DT_ChestsContent#Chest_RenoirSDraft_4";"Chroma Catalyst (Upgrade Material)";"Renoir's Drafts";"3";"no";"yes";"";"";"medium"
"Map pickups (loot table chest)";"Chest_RenoirSDraft_5";"DT_ChestsContent#Chest_RenoirSDraft_5";"Chroma Catalyst (Upgrade Material)";"Renoir's Drafts";"3";"no";"yes";"";"";"medium"
"Map pickups";"Renoir's Drafts: Charging Critical (Pictos)";"DT_ChestsContent#Chest_RenoirSDraft_6";"Charging Critical (Pictos)";"Renoir's Drafts";"3";"no";"yes";"";"";"medium"
"Map pickups (loot table chest)";"Chest_RenoirSDraft_7";"DT_ChestsContent#Chest_RenoirSDraft_7";"Chroma Catalyst (Upgrade Material)";"Renoir's Drafts";"3";"no";"yes";"";"";"medium"
"Map pickups (loot table chest)";"Chest_RenoirSDraft_8";"DT_ChestsContent#Chest_RenoirSDraft_8";"Chroma Catalyst (Upgrade Material)";"Renoir's Drafts";"3";"no";"yes";"";"";"medium"
"Map pickups";"Renoir's Drafts: Colour of Lumina (Upgrade Material)";"DT_ChestsContent#Chest_RenoirSDraft_9";"Colour of Lumina (Upgrade Material)";"Renoir's Drafts";"3";"no";"yes";"";"";"medium"
"Map pickups (loot table chest)";"Chest_RenoirSDraft_10";"DT_ChestsContent#Chest_RenoirSDraft_10";"Chroma Catalyst (Upgrade Material)";"Renoir's Drafts";"3";"no";"yes";"";"";"medium"
"Map pickups";"Renoir's Drafts: Charging Burn (Pictos)";"DT_ChestsContent#Chest_RenoirSDraft_11";"Charging Burn (Pictos)";"Renoir's Drafts";"3";"no";"yes";"";"";"medium"
"Map pickups";"Renoir's Drafts: Endless Light (Music Record)";"DT_ChestsContent#Chest_RenoirSDraft_12";"Endless Light (Music Record)";"Renoir's Drafts";"3";"no";"yes";"";"";"medium"
"Map pickups";"Dark Shores: Chroma Pack - Small (Upgrade Material)";"DT_ChestsContent#Chest_DarkShores_1";"Chroma Pack - Small (Upgrade Material)";"Dark Shores";"2";"no";"yes";"";"";"low"
"Map pickups";"Dark Shores: Chroma Pack - Small (Upgrade Material)";"DT_ChestsContent#Chest_DarkShores_2";"Chroma Pack - Small (Upgrade Material)";"Dark Shores";"2";"no";"yes";"";"";"low"
"Map pickups";"Dark Shores: Colour of Lumina (Upgrade Material)";"DT_ChestsContent#Chest_DarkShores_3";"Colour of Lumina (Upgrade Material)";"Dark Shores";"2";"no";"yes";"";"";"low"
"Map pickups";"Dark Shores: Chroma Pack - Large (Upgrade Material)";"DT_ChestsContent#Chest_DarkShores_4";"Chroma Pack - Large (Upgrade Material)";"Dark Shores";"2";"no";"yes";"";"";"low"
"Map pickups";"Dark Shores: Colour of Lumina (Upgrade Material)";"DT_ChestsContent#Chest_DarkShores_5";"Colour of Lumina (Upgrade Material)";"Dark Shores";"2";"no";"yes";"";"";"low"
"Map pickups";"Dark Shores: In Medias Res (Pictos)";"DT_ChestsContent#Chest_DarkShores_6";"In Medias Res (Pictos)";"Dark Shores";"2";"no";"yes";"";"";"low"
"Map pickups";"Dark Shores: Colour of Lumina (Upgrade Material)";"DT_ChestsContent#Chest_DarkShores_7";"Colour of Lumina (Upgrade Material)";"Dark Shores";"2";"no";"yes";"";"";"low"
"Map pickups";"Dark Shores: Colour of Lumina (Upgrade Material)";"DT_ChestsContent#Chest_DarkShores_8";"Colour of Lumina (Upgrade Material)";"Dark Shores";"2";"no";"yes";"";"";"low"
"Map pickups";"Dark Shores: Colour of Lumina (Upgrade Material)";"DT_ChestsContent#Chest_DarkShores_9";"Colour of Lumina (Upgrade Material)";"Dark Shores";"2";"no";"yes";"";"";"low"
"Map pickups";"Twilight Sanctuary: Colour of Lumina (Upgrade Material)";"DT_ChestsContent#Chest_TwilightSanctuary_1";"Colour of Lumina (Upgrade Material)";"Endless Night Sanctuary";"2";"no";"yes";"";"";"low"
"Map pickups";"Twilight Sanctuary: Chroma Pack - Small (Upgrade Material)";"DT_ChestsContent#Chest_TwilightSanctuary_2";"Chroma Pack - Small (Upgrade Material)";"Endless Night Sanctuary";"2";"no";"yes";"";"";"low"
"Map pickups";"Twilight Sanctuary: Colour of Lumina (Upgrade Material)";"DT_ChestsContent#Chest_TwilightSanctuary_3";"Colour of Lumina (Upgrade Material)";"Endless Night Sanctuary";"2";"no";"yes";"";"";"low"
"Map pickups (loot table chest)";"Chest_TwilightSanctuary_4";"DT_ChestsContent#Chest_TwilightSanctuary_4";"Chroma Catalyst (Upgrade Material)";"Endless Night Sanctuary";"2";"no";"yes";"";"";"low"
"Map pickups";"Twilight Sanctuary: Chroma Pack - Small (Upgrade Material)";"DT_ChestsContent#Chest_TwilightSanctuary_5";"Chroma Pack - Small (Upgrade Material)";"Endless Night Sanctuary";"2";"no";"yes";"";"";"low"
"Map pickups";"Twilight Sanctuary: Colour of Lumina (Upgrade Material)";"DT_ChestsContent#Chest_TwilightSanctuary_6";"Colour of Lumina (Upgrade Material)";"Endless Night Sanctuary";"2";"no";"yes";"";"";"low"
"Map pickups (loot table chest)";"Chest_TwilightSanctuary_7";"DT_ChestsContent#Chest_TwilightSanctuary_7";"Chroma Catalyst (Upgrade Material)";"Endless Night Sanctuary";"2";"no";"yes";"";"";"low"
"Map pickups";"Twilight Sanctuary: Chroma Pack - Small (Upgrade Material)";"DT_ChestsContent#Chest_TwilightSanctuary_8";"Chroma Pack - Small (Upgrade Material)";"Endless Night Sanctuary";"2";"no";"yes";"";"";"low"
"Map pickups";"Twilight Sanctuary: Colour of Lumina (Upgrade Material)";"DT_ChestsContent#Chest_TwilightSanctuary_9";"Colour of Lumina (Upgrade Material)";"Endless Night Sanctuary";"2";"no";"yes";"";"";"low"
"Map pickups";"Twilight Sanctuary: Chroma Pack - Small (Upgrade Material)";"DT_ChestsContent#Chest_TwilightSanctuary_10";"Chroma Pack - Small (Upgrade Material)";"Endless Night Sanctuary";"2";"no";"yes";"";"";"low"
"Map pickups (loot table chest)";"Chest_TwilightSanctuary_11";"DT_ChestsContent#Chest_TwilightSanctuary_11";"Chroma Catalyst (Upgrade Material)";"Endless Night Sanctuary";"2";"no";"yes";"";"";"low"
"Map pickups";"Twilight Sanctuary: Chroma Pack - Small (Upgrade Material)";"DT_ChestsContent#Chest_TwilightSanctuary_12";"Chroma Pack - Small (Upgrade Material)";"Endless Night Sanctuary";"2";"no";"yes";"";"";"low"
"Map pickups";"Twilight Sanctuary: Colour of Lumina (Upgrade Material)";"DT_ChestsContent#Chest_TwilightSanctuary_13";"Colour of Lumina (Upgrade Material)";"Endless Night Sanctuary";"2";"no";"yes";"";"";"low"
"Map pickups";"Twilight Sanctuary: Chroma Pack - Small (Upgrade Material)";"DT_ChestsContent#Chest_TwilightSanctuary_14";"Chroma Pack - Small (Upgrade Material)";"Endless Night Sanctuary";"2";"no";"yes";"";"";"low"
"Map pickups (loot table chest)";"Chest_TwilightSanctuary_15";"DT_ChestsContent#Chest_TwilightSanctuary_15";"Chroma Catalyst (Upgrade Material)";"Endless Night Sanctuary";"2";"no";"yes";"";"";"low"
"Map pickups";"Twilight Sanctuary: Gradient Break (Pictos)";"DT_ChestsContent#Chest_TwilightSanctuary_16";"Gradient Break (Pictos)";"Endless Night Sanctuary";"2";"no";"yes";"";"";"low"
"Map pickups";"Flying Manor: Colour of Lumina (Upgrade Material)";"DT_ChestsContent#Chest_FlyingManor_1";"Colour of Lumina (Upgrade Material)";"Flying Manor";"3";"no";"yes";"";"";"medium"
"Map pickups (loot table chest)";"Chest_FlyingManor_2";"DT_ChestsContent#Chest_FlyingManor_2";"Chroma Catalyst (Upgrade Material)";"Flying Manor";"3";"no";"yes";"";"";"medium"
"Map pickups";"Flying Manor: Chroma Pack - Normal (Upgrade Material)";"DT_ChestsContent#Chest_FlyingManor_3";"Chroma Pack - Normal (Upgrade Material)";"Flying Manor";"3";"no";"yes";"";"";"medium"
"Map pickups (loot table chest)";"Chest_FlyingManor_4";"DT_ChestsContent#Chest_FlyingManor_4";"Chroma Catalyst (Upgrade Material)";"Flying Manor";"3";"no";"yes";"";"";"medium"
"Map pickups";"Flying Manor: Chroma Pack - Large (Upgrade Material)";"DT_ChestsContent#Chest_FlyingManor_5";"Chroma Pack - Large (Upgrade Material)";"Flying Manor";"3";"no";"yes";"";"";"medium"
"Map pickups";"Flying Manor: Powerful Revive (Pictos)";"DT_ChestsContent#Chest_FlyingManor_6";"Powerful Revive (Pictos)";"Flying Manor";"3";"no";"yes";"";"";"medium"
"Map pickups";"Flying Manor: Chroma Pack - Normal (Upgrade Material)";"DT_ChestsContent#Chest_FlyingManor_9";"Chroma Pack - Normal (Upgrade Material)";"Flying Manor";"3";"no";"yes";"";"";"medium"
"Map pickups";"Flying Manor: Colour of Lumina (Upgrade Material)";"DT_ChestsContent#Chest_FlyingManor_10";"Colour of Lumina (Upgrade Material)";"Flying Manor";"3";"no";"yes";"";"";"medium"
"Map pickups (loot table chest)";"Chest_FlyingManor_11";"DT_ChestsContent#Chest_FlyingManor_11";"Chroma Catalyst (Upgrade Material)";"Flying Manor";"3";"no";"yes";"";"";"medium"
"Map pickups";"Flying Manor: Chroma Pack - Normal (Upgrade Material)";"DT_ChestsContent#Chest_FlyingManor_12";"Chroma Pack - Normal (Upgrade Material)";"Flying Manor";"3";"no";"yes";"";"";"medium"
"Map pickups";"Flying Manor: Charging Alteration (Pictos)";"DT_ChestsContent#Chest_FlyingManor_13";"Charging Alteration (Pictos)";"Flying Manor";"3";"no";"yes";"";"";"medium"
"Map pickups";"Flying Manor: Colour of Lumina (Upgrade Material)";"DT_ChestsContent#Chest_FlyingManor_14";"Colour of Lumina (Upgrade Material)";"Flying Manor";"3";"no";"yes";"";"";"medium"
"Map pickups (loot table chest)";"Chest_FlyingManor_15";"DT_ChestsContent#Chest_FlyingManor_15";"Chroma Catalyst (Upgrade Material)";"Flying Manor";"3";"no";"yes";"";"";"medium"
"Map pickups";"Flying Manor: Chroma Pack - Large (Upgrade Material)";"DT_ChestsContent#Chest_FlyingManor_16";"Chroma Pack - Large (Upgrade Material)";"Flying Manor";"3";"no";"yes";"";"";"medium"
"Map pickups (loot table chest)";"Chest_FlyingManor_17";"DT_ChestsContent#Chest_FlyingManor_17";"Chroma Catalyst (Upgrade Material)";"Flying Manor";"3";"no";"yes";"";"";"medium"
"Map pickups";"Flying Manor: Energetic Healer (Pictos)";"DT_ChestsContent#Chest_FlyingManor_18";"Energetic Healer (Pictos)";"Flying Manor";"3";"no";"yes";"";"";"medium"
"Map pickups";"Flying Manor: Chroma Pack - Normal (Upgrade Material)";"DT_ChestsContent#Chest_FlyingManor_19";"Chroma Pack - Normal (Upgrade Material)";"Flying Manor";"3";"no";"yes";"";"";"medium"
"Map pickups";"Flying Manor: Roulette (Pictos)";"DT_ChestsContent#Chest_FlyingManor_21";"Roulette (Pictos)";"Flying Manor";"3";"no";"yes";"";"";"medium"
"Map pickups";"Flying Manor: Colour of Lumina (Upgrade Material)";"DT_ChestsContent#Chest_FlyingManor_22";"Colour of Lumina (Upgrade Material)";"Flying Manor";"3";"no";"yes";"";"";"medium"
"Map pickups (loot table chest)";"Chest_FlyingManor_23";"DT_ChestsContent#Chest_FlyingManor_23";"Chroma Catalyst (Upgrade Material)";"Flying Manor";"3";"no";"yes";"";"";"medium"
"Map pickups";"Flying Manor: Painter (Pictos)";"DT_ChestsContent#Chest_FlyingManor_24";"Painter (Pictos)";"Flying Manor";"3";"no";"yes";"";"";"medium"
"Map pickups";"Flying Manor: Colour of Lumina (Upgrade Material)";"DT_ChestsContent#Chest_FlyingManor_25";"Colour of Lumina (Upgrade Material)";"Flying Manor";"3";"no";"yes";"";"";"medium"
"Map pickups (loot table chest)";"Chest_FlyingManor_26";"DT_ChestsContent#Chest_FlyingManor_26";"Chroma Catalyst (Upgrade Material)";"Flying Manor";"3";"no";"yes";"";"";"medium"
"Map pickups";"Flying Manor: Powerful Mark (Pictos)";"DT_ChestsContent#Chest_FlyingManor_27";"Powerful Mark (Pictos)";"Flying Manor";"3";"no";"yes";"";"";"medium"
"Map pickups (loot table chest)";"Chest_FlyingManor_28";"DT_ChestsContent#Chest_FlyingManor_28";"Chroma Catalyst (Upgrade Material)";"Flying Manor";"3";"no";"yes";"";"";"medium"
"Map pickups";"Flying Manor: Chroma Pack - Normal (Upgrade Material)";"DT_ChestsContent#Chest_FlyingManor_29";"Chroma Pack - Normal (Upgrade Material)";"Flying Manor";"3";"no";"yes";"";"";"medium"
"Map pickups";"Flying Manor: Colour of Lumina (Upgrade Material)";"DT_ChestsContent#Chest_FlyingManor_30";"Colour of Lumina (Upgrade Material)";"Flying Manor";"3";"no";"yes";"";"";"medium"
"Map pickups";"Flying Manor: Chroma Pack - Normal (Upgrade Material)";"DT_ChestsContent#Chest_FlyingManor_32";"Chroma Pack - Normal (Upgrade Material)";"Flying Manor";"3";"no";"yes";"";"";"medium"
"Map pickups";"Flying Manor: Protecting Shots (Pictos)";"DT_ChestsContent#Chest_FlyingManor_33";"Protecting Shots (Pictos)";"Flying Manor";"3";"no";"yes";"";"";"medium"
"Map pickups";"Flying Manor: Chroma Pack - Normal (Upgrade Material)";"DT_ChestsContent#Chest_FlyingManor_34";"Chroma Pack - Normal (Upgrade Material)";"Flying Manor";"3";"no";"yes";"";"";"medium"
"Map pickups";"Flying Manor: Energising Shots (Pictos)";"DT_ChestsContent#Chest_FlyingManor_36";"Energising Shots (Pictos)";"Flying Manor";"3";"no";"yes";"";"";"medium"
"Map pickups (loot table chest)";"Chest_FlyingManor_37";"DT_ChestsContent#Chest_FlyingManor_37";"Chroma Catalyst (Upgrade Material)";"Flying Manor";"3";"no";"yes";"";"";"medium"
"Map pickups (loot table chest)";"Chest_FlyingManor_38";"DT_ChestsContent#Chest_FlyingManor_38";"Chroma Catalyst (Upgrade Material)";"Flying Manor";"3";"no";"yes";"";"";"medium"
"Map pickups";"Flying Manor: Empowering Break (Pictos)";"DT_ChestsContent#Chest_FlyingManor_39";"Empowering Break (Pictos)";"Flying Manor";"3";"no";"yes";"";"";"medium"
"Map pickups";"Flying Manor: Colour of Lumina (Upgrade Material)";"DT_ChestsContent#Chest_FlyingManor_40";"Colour of Lumina (Upgrade Material)";"Flying Manor";"3";"no";"yes";"";"";"medium"
"Map pickups";"Flying Manor: Energising Stun (Pictos)";"DT_ChestsContent#Chest_FlyingManor_41";"Energising Stun (Pictos)";"Flying Manor";"3";"no";"yes";"";"";"medium"
"Map pickups";"Red Woods: Colour of Lumina (Upgrade Material)";"DT_ChestsContent#Chest_SmallLevel_RedWoods_1";"Colour of Lumina (Upgrade Material)";"Red Woods";"3";"no";"yes";"";"";"low"
"Map pickups";"Small Burgeon: Colour of Lumina (Upgrade Material)";"DT_ChestsContent#Chest_SmallLevel_GoblusLair_02_1";"Colour of Lumina (Upgrade Material)";"The Small Bourgeon";"1";"no";"yes";"Quest_BourgeonSkin";"Appears after giving Bourgeon Skin to the small Bourgeon";"medium"
"Map pickups";"Stone Wave Cliffs Cave: Exhausting Power (Pictos)";"DT_ChestsContent#Chest_SmallLevel_StonewaveCliffsCave_1";"Exhausting Power (Pictos)";"Stone Wave Cliffs Cave";"1";"no";"yes";"";"";"medium"
"Map pickups";"Stone Wave Cliffs Cave: Colour of Lumina (Upgrade Material)";"DT_ChestsContent#Chest_SmallLevel_StonewaveCliffsCave_2";"Colour of Lumina (Upgrade Material)";"Stone Wave Cliffs Cave";"1";"no";"yes";"";"";"medium"
"Map pickups";"Stone Wave Cliffs Cave: Colour of Lumina (Upgrade Material)";"DT_ChestsContent#Chest_SmallLevel_StonewaveCliffsCave_3";"Colour of Lumina (Upgrade Material)";"Stone Wave Cliffs Cave";"1";"no";"yes";"";"";"medium"
"Map pickups";"Stone Wave Cliffs Cave: Chroma Elixir Shard (Upgrade Material)";"DT_ChestsContent#Chest_SmallLevel_StonewaveCliffsCave_4";"Chroma Elixir Shard (Upgrade Material)";"Stone Wave Cliffs Cave";"1";"no";"yes";"";"";"medium"
"Map pickups";"The Chosen Path: Base Shield (Pictos)";"DT_ChestsContent#Chest_SmallLevel_ChosenPath_1";"Base Shield (Pictos)";"The Chosen Path";"2";"no";"yes";"";"";"low"
"Map pickups";"Sky Island: Greater Slow (Pictos)";"DT_ChestsContent#Chest_SmallLevel_FloatingIsland_1";"Greater Slow (Pictos)";"Sky Island";"3";"no";"yes";"";"";"low"
"Map pickups";"Visages: Colour of Lumina (Upgrade Material)";"DT_ChestsContent#Chest_SmallLevel_Visages_1";"Colour of Lumina (Upgrade Material)";"Visages";"2";"no";"yes";"";"";"high"
"Map pickups (loot table chest)";"Chest_SmallLevel_Visages_2";"DT_ChestsContent#Chest_SmallLevel_Visages_2";"Chroma Catalyst (Upgrade Material)";"Visages";"2";"no";"yes";"";"";"high"
"Map pickups";"The Reacher: Colour of Lumina (Upgrade Material)";"DT_ChestsContent#Chest_SmallLevel_Reacher_1";"Colour of Lumina (Upgrade Material)";"The Reacher";"3";"no";"yes";"";"";"medium"
"Map pickups";"RockTrailing: Colour of Lumina (Upgrade Material)";"DT_ChestsContent#Chest_SmallLevel_RockTrailing_1";"Colour of Lumina (Upgrade Material)";"Rock Trailing";"2";"no";"yes";"";"";"low"
"Map pickups";"RockTrailing: Colour of Lumina (Upgrade Material)";"DT_ChestsContent#Chest_SmallLevel_RockTrailing_2";"Colour of Lumina (Upgrade Material)";"Rock Trailing";"2";"no";"yes";"";"";"low"
"Map pickups";"RockTrailing: Chroma Pack - Large (Upgrade Material)";"DT_ChestsContent#Chest_SmallLevel_RockTrailing_3";"Chroma Pack - Large (Upgrade Material)";"Rock Trailing";"2";"no";"yes";"";"";"low"
"Map pickups";"RockTrailing: Colour of Lumina (Upgrade Material)";"DT_ChestsContent#Chest_SmallLevel_RockTrailing_4";"Colour of Lumina (Upgrade Material)";"Rock Trailing";"2";"no";"yes";"";"";"low"
"Map pickups";"RockTrailing: Colour of Lumina (Upgrade Material)";"DT_ChestsContent#Chest_SmallLevel_RockTrailing_5";"Colour of Lumina (Upgrade Material)";"Rock Trailing";"2";"no";"yes";"";"";"low"
"Map pickups";"RockTrailing: Chroma Pack - Large (Upgrade Material)";"DT_ChestsContent#Chest_SmallLevel_RockTrailing_6";"Chroma Pack - Large (Upgrade Material)";"Rock Trailing";"2";"no";"yes";"";"";"low"
"Map pickups";"RockTrailing: Colour of Lumina (Upgrade Material)";"DT_ChestsContent#Chest_SmallLevel_RockTrailing_7";"Colour of Lumina (Upgrade Material)";"Rock Trailing";"2";"no";"yes";"";"";"low"
"Map pickups";"RockTrailing: Colour of Lumina (Upgrade Material)";"DT_ChestsContent#Chest_SmallLevel_RockTrailing_8";"Colour of Lumina (Upgrade Material)";"Rock Trailing";"2";"no";"yes";"";"";"low"
"Map pickups";"Flying Cemetery: Colour of Lumina (Upgrade Material)";"DT_ChestsContent#Chest_SmallLevel_Cemetery_1";"Colour of Lumina (Upgrade Material)";"Flying Cemetery";"2";"no";"yes";"";"";"low"
"Map pickups";"Flying Cemetery: Colour of Lumina (Upgrade Material)";"DT_ChestsContent#Chest_SmallLevel_Cemetery_2";"Colour of Lumina (Upgrade Material)";"Flying Cemetery";"2";"no";"yes";"";"";"low"
"Map pickups";"Flying Cemetery: Chroma Pack - Large (Upgrade Material)";"DT_ChestsContent#Chest_SmallLevel_Cemetery_3";"Chroma Pack - Large (Upgrade Material)";"Flying Cemetery";"2";"no";"yes";"";"";"low"
"Map pickups";"Flying Cemetery: Recoat (Upgrade Material)";"DT_ChestsContent#Chest_SmallLevel_Cemetery_4";"Recoat (Upgrade Material)";"Flying Cemetery";"2";"no";"yes";"";"";"low"
"Map pickups";"Coastal Cave: Colour of Lumina (Upgrade Material)";"DT_ChestsContent#Chest_SmallLevel_CoastalCave_1";"Colour of Lumina (Upgrade Material)";"Coastal Cave";"1";"no";"yes";"";"";"medium"
"Map pickups";"CavernCrusher: Colour of Lumina (Upgrade Material)";"DT_ChestsContent#Chest_SmallLevel_CavernCrusher_1";"Colour of Lumina (Upgrade Material)";"Crushing Cavern";"3";"no";"yes";"";"";"low"
"Map pickups";"Esoteric Ruins: Colour of Lumina (Upgrade Material)";"DT_ChestsContent#Chest_SmallLevel_DoorMaze_1";"Colour of Lumina (Upgrade Material)";"Esoteric Ruins";"2";"no";"yes";"";"";"low"
"Map pickups";"Esoteric Ruins: Chroma Pack - Large (Upgrade Material)";"DT_ChestsContent#Chest_SmallLevel_DoorMaze_2";"Chroma Pack - Large (Upgrade Material)";"Esoteric Ruins";"2";"no";"yes";"";"";"low"
"Map pickups";"Esoteric Ruins: Colour of Lumina (Upgrade Material)";"DT_ChestsContent#Chest_SmallLevel_DoorMaze_3";"Colour of Lumina (Upgrade Material)";"Esoteric Ruins";"2";"no";"yes";"";"";"low"
"Map pickups";"Esoteric Ruins: Wood Boards (Key Item)";"DT_ChestsContent#Chest_SmallLevel_DoorMaze_4";"Wood Boards (Key Item)";"Esoteric Ruins";"2";"no";"yes";"";"";"low"
"Map pickups";"Esoteric Ruins: Colour of Lumina (Upgrade Material)";"DT_ChestsContent#Chest_SmallLevel_DoorMaze_5";"Colour of Lumina (Upgrade Material)";"Esoteric Ruins";"2";"no";"yes";"";"";"low"
"Map pickups";"Sinister Cave: Elerim (Lune Weapon)";"DT_ChestsContent#Chest_SmallLevel_SinisterCave_1";"Elerim (Lune Weapon)";"Sinister Cave";"2";"no";"yes";"";"";"low"
"Map pickups";"Sinister Cave: Nocturne pour Lumiere (Music Record)";"DT_ChestsContent#Chest_SmallLevel_SinisterCave_2";"Nocturne pour Lumiere (Music Record)";"Sinister Cave";"2";"no";"yes";"";"";"low"
"Map pickups";"Sinister Cave: Corderon (Sciel Weapon)";"DT_ChestsContent#Chest_SmallLevel_SinisterCave_3";"Corderon (Sciel Weapon)";"Sinister Cave";"2";"no";"yes";"";"";"low"
"Map pickups";"Fixed-Camera Level: Our Painted Family (Music Record)";"DT_ChestsContent#Chest_MiniLevels_1";"Our Painted Family (Music Record)";"Fixed-Camera Levels";"2";"no";"yes";"";"";"low"
"Map pickups";"Fixed-Camera Level: Honeymoon in Lumiere (Music Record)";"DT_ChestsContent#Chest_MiniLevels_2";"Honeymoon in Lumiere (Music Record)";"Fixed-Camera Levels";"2";"no";"yes";"";"";"low"
"Map pickups";"Fixed-Camera Level: Lights of the Past (Music Record)";"DT_ChestsContent#Chest_MiniLevels_3";"Lights of the Past (Music Record)";"Fixed-Camera Levels";"2";"no";"yes";"";"";"low"
"Map pickups";"Fixed-Camera Level: Aline's Glasshouse (Music Record)";"DT_ChestsContent#Chest_MiniLevels_4";"Aline's Glasshouse (Music Record)";"Fixed-Camera Levels";"2";"no";"yes";"";"";"low"
"Map pickups";"Fixed-Camera Level: Alicia's Birthday Party (Music Record)";"DT_ChestsContent#Chest_MiniLevels_5";"Alicia's Birthday Party (Music Record)";"Fixed-Camera Levels";"2";"no";"yes";"";"";"low"
"Map pickups";"Fixed-Camera Level: Reverence (Music Record)";"DT_ChestsContent#Chest_MiniLevels_6";"Reverence (Music Record)";"Fixed-Camera Levels";"2";"no";"yes";"";"";"low"
"Map pickups";"Fixed-Camera Level: Un 33 Decembre a Lumiere (Music Record)";"DT_ChestsContent#Chest_MiniLevels_7";"Un 33 Decembre a Lumiere (Music Record)";"Fixed-Camera Levels";"2";"no";"yes";"";"";"low"
"Map pickups";"Spring Meadows: Colour of Lumina (Upgrade Material)";"DT_ChestsContent#Chest_SmallLevel_SpringMeadows_1";"Colour of Lumina (Upgrade Material)";"Spring Meadows";"1";"no";"yes";"";"";"high"
"Map pickups";"Flying Casino: Reveries dans Paris (Music Record)";"DT_ChestsContent#Chest_SmallLevel_FlyingCasinoEntrance_1";"Reveries dans Paris (Music Record)";"Flying Casino";"2";"no";"yes";"";"";"low"
"Map pickups";"The Carousel: Le Grand Cafe de Lumiere (Music Record)";"DT_ChestsContent#Chest_SmallLevel_TheCarrousel_1";"Le Grand Cafe de Lumiere (Music Record)";"The Carousel";"2";"no";"yes";"";"";"low"
"Map pickups";"The Carousel: Colour of Lumina (Upgrade Material)";"DT_ChestsContent#Chest_SmallLevel_TheCarrousel_2";"Colour of Lumina (Upgrade Material)";"The Carousel";"2";"no";"yes";"";"";"low"
"Map pickups";"White Sands: Colour of Lumina (Upgrade Material)";"DT_ChestsContent#Chest_SmallLevel_WhiteSands_1";"Colour of Lumina (Upgrade Material)";"White Sands";"2";"no";"yes";"";"";"low"
"Map pickups";"White Sands: Aline (Music Record)";"DT_ChestsContent#Chest_SmallLevel_WhiteSands_2";"Aline (Music Record)";"White Sands";"2";"no";"yes";"";"";"low"
"Map pickups";"Sacred River: Colour of Lumina (Upgrade Material)";"DT_ChestsContent#Chest_SmallLevel_SacredRiver_1";"Colour of Lumina (Upgrade Material)";"Sacred River";"3";"no";"yes";"";"";"low"
"Enemy drops";"Place holder battle (Cut Content)";"DT_jRPG_Enemies#Test_PlaceHolderBattleDude";"";"";"-1";"no";"no";"";"Enemy drop: enemy randomization moves the enemy, and drops have a chance";""
"Enemy drops";"Lancelier - Free Aim Tutorial 1 (Spring Meadows)";"DT_jRPG_Enemies#SM_FirstLancelier";"";"";"-1";"no";"no";"";"Enemy drop: enemy randomization moves the enemy, and drops have a chance";""
"Enemy drops";"Lancelier (Spring Meadows)";"DT_jRPG_Enemies#SM_Lancelier";"Lanceram (Gustave Weapon)";"";"-1";"no";"no";"";"Enemy drop: enemy randomization moves the enemy, and drops have a chance";""
"Enemy drops";"Portier - Lune Tutorial 1 (Spring Meadows)";"DT_jRPG_Enemies#SM_First_Portier";"Dodger (Pictos)";"";"-1";"no";"no";"";"Enemy drop: enemy randomization moves the enemy, and drops have a chance";""
"Enemy drops";"Portier (Spring Meadows)";"DT_jRPG_Enemies#SM_Portier";"";"";"-1";"no";"no";"";"Enemy drop: enemy randomization moves the enemy, and drops have a chance";""
"Enemy drops";"Volester (Spring Meadows)";"DT_jRPG_Enemies#SM_Volester";"";"";"-1";"no";"no";"";"Enemy drop: enemy randomization moves the enemy, and drops have a chance";""
"Enemy drops";"Abbest (Spring Meadows)";"DT_jRPG_Enemies#SM_Abbest";"Lighterim (Lune Weapon)";"";"-1";"no";"no";"";"Enemy drop: enemy randomization moves the enemy, and drops have a chance";""
"Enemy drops";"Eveque (Spring Meadows)";"DT_jRPG_Enemies#SM_Boss_Eveque";"Cleansing Tint (Pictos)";"";"-1";"no";"no";"";"Enemy drop: enemy randomization moves the enemy, and drops have a chance";""
"Enemy drops";"Chromatic Lancelier (Spring Meadows)";"DT_jRPG_Enemies#SM_Lancelier_Alpha";"Augmented Attack (Pictos), Lanceram (Gustave Weapon)";"";"-1";"no";"no";"";"Enemy drop: enemy randomization moves the enemy, and drops have a chance";""
"Enemy drops";"Chromatic Abbest (Abbest Cave)";"DT_jRPG_Enemies#SM_Abbest_Alpha";"First Offensive (Pictos)";"";"-1";"no";"no";"";"Enemy drop: enemy randomization moves the enemy, and drops have a chance";""
"Enemy drops";"EvequeLuneScript (Cut Content)";"DT_jRPG_Enemies#SM_Boss_EvequeLuneScript";"";"";"-1";"no";"no";"";"Enemy drop: enemy randomization moves the enemy, and drops have a chance";""
"Enemy drops";"Ceramic Chevaliere (Old Lumiere)";"DT_jRPG_Enemies#YF_Chevaliere_A";"";"";"-1";"no";"no";"";"Enemy drop: enemy randomization moves the enemy, and drops have a chance";""
"Enemy drops";"Gault A (Yellow Harvest)";"DT_jRPG_Enemies#YF_GaultA";"Gaulteram (Gustave Weapon)";"";"-1";"no";"no";"";"Enemy drop: enemy randomization moves the enemy, and drops have a chance";""
"Enemy drops";"Gault B (Yellow Harvest)";"DT_jRPG_Enemies#YF_GaultB";"Gaulteram (Gustave Weapon)";"";"-1";"no";"no";"";"Enemy drop: enemy randomization moves the enemy, and drops have a chance";""
"Enemy drops";"Potier (Yellow Harvest)";"DT_jRPG_Enemies#YF_Potier";"Potierim (Lune Weapon)";"";"-1";"no";"no";"";"Enemy drop: enemy randomization moves the enemy, and drops have a chance";""
"Enemy drops";"Jar (Yellow Harvest)";"DT_jRPG_Enemies#YF_Jar";"";"";"-1";"no";"no";"";"Enemy drop: enemy randomization moves the enemy, and drops have a chance";""
"Enemy drops";"Sapling (Falling Leaves)";"DT_jRPG_Enemies#YF_Sapling";"Saperim (Lune Weapon)";"";"-1";"no";"no";"";"Enemy drop: enemy randomization moves the enemy, and drops have a chance";""
"Enemy drops";"Glaise (Falling Leaves)";"DT_jRPG_Enemies#YF_Glaise";"Glaisum (Maelle Weapon)";"";"-1";"no";"no";"";"Enemy drop: enemy randomization moves the enemy, and drops have a chance";""
"Enemy drops";"Steel Chevaliere (Old Lumiere)";"DT_jRPG_Enemies#YF_Chevaliere_B";"Battlum (Maelle Weapon)";"";"-1";"no";"no";"";"Enemy drop: enemy randomization moves the enemy, and drops have a chance";""
"Enemy drops";"Gold Chevaliere (Crimson Forest)";"DT_jRPG_Enemies#YF_Chevaliere_C";"Perilous Parry (Pictos)";"";"-1";"no";"no";"";"Enemy drop: enemy randomization moves the enemy, and drops have a chance";""
"Enemy drops";"Scavenger (Falling Leaves)";"DT_jRPG_Enemies#YF_Boss_Scavenger";"Scaverim (Lune Weapon)";"";"-1";"no";"no";"";"Enemy drop: enemy randomization moves the enemy, and drops have a chance";""
"Enemy drops";"Chromatic Gold Chevaliere (Crimson Forest)";"DT_jRPG_Enemies#YF_Chevaliere_C_Alpha";"Perilous Parry (Pictos)";"";"-1";"no";"no";"";"Enemy drop: enemy randomization moves the enemy, and drops have a chance";""
"Enemy drops";"Chromatic Steel Chevaliere (Endless Tower)";"DT_jRPG_Enemies#YF_Chevaliere_B_Alpha";"";"";"-1";"no";"no";"";"Enemy drop: enemy randomization moves the enemy, and drops have a chance";""
"Enemy drops";"Chromatic Ceramic Chevaliere (Endless Tower)";"DT_jRPG_Enemies#YF_Chevaliere_A_Alpha";"";"";"-1";"no";"no";"";"Enemy drop: enemy randomization moves the enemy, and drops have a chance";""
"Enemy drops";"Limonsol (Cut Content)";"DT_jRPG_Enemies#YF_Gestral_Limonsol";"";"";"-1";"no";"no";"";"Enemy drop: enemy randomization moves the enemy, and drops have a chance";""
"Enemy drops";"Chromatic Gault (Stone Wave Cliffs)";"DT_jRPG_Enemies#YF_GaultB_Alpha";"Tainted (Pictos)";"";"-1";"no";"no";"";"Enemy drop: enemy randomization moves the enemy, and drops have a chance";""
"Enemy drops";"Robust Sakapatate (Ancient Sanctuary)";"DT_jRPG_Enemies#AS_PotatoBag_Tank";"Sakaram (Gustave Weapon)";"";"-1";"no";"no";"";"Enemy drop: enemy randomization moves the enemy, and drops have a chance";""
"Enemy drops";"Catapult Sakapatate (Ancient Sanctuary)";"DT_jRPG_Enemies#AS_PotatoBag_Mage";"Trebuchim (Lune Weapon)";"";"-1";"no";"no";"";"Enemy drop: enemy randomization moves the enemy, and drops have a chance";""
"Enemy drops";"Ranger Sakapatate (Ancient Sanctuary)";"DT_jRPG_Enemies#AS_PotatoBag_Ranger";"";"";"-1";"no";"no";"";"Enemy drop: enemy randomization moves the enemy, and drops have a chance";""
"Enemy drops";"Ultimate Sakapatate (Ancient Sanctuary)";"DT_jRPG_Enemies#AS_PotatoBag_Boss";"Breaker (Pictos)";"";"-1";"no";"no";"";"Enemy drop: enemy randomization moves the enemy, and drops have a chance";""
"Enemy drops";"Gestral Dragoon (Cut Content)";"DT_jRPG_Enemies#AS_Gestral_Dragoon";"";"";"-1";"no";"no";"";"Enemy drop: enemy randomization moves the enemy, and drops have a chance";""
"Enemy drops";"AS_GestralBully_A (Cut Content)";"DT_jRPG_Enemies#AS_GestralBully_A";"";"";"-1";"no";"no";"";"Enemy drop: enemy randomization moves the enemy, and drops have a chance";""
"Enemy drops";"AS_GestralBully_B (Cut Content)";"DT_jRPG_Enemies#AS_GestralBully_B";"";"";"-1";"no";"no";"";"Enemy drop: enemy randomization moves the enemy, and drops have a chance";""
"Enemy drops";"AS_GestralBully_C (Cut Content)";"DT_jRPG_Enemies#AS_GestralBully_C";"";"";"-1";"no";"no";"";"Enemy drop: enemy randomization moves the enemy, and drops have a chance";""
"Enemy drops";"Luster (Flying Waters)";"DT_jRPG_Enemies#GO_Luster";"";"";"-1";"no";"no";"";"Enemy drop: enemy randomization moves the enemy, and drops have a chance";""
"Enemy drops";"Bruler (Flying Waters)";"DT_jRPG_Enemies#GO_Bruler";"Brulerum (Maelle Weapon)";"";"-1";"no";"no";"";"Enemy drop: enemy randomization moves the enemy, and drops have a chance";""
"Enemy drops";"Cruler (Flying Waters)";"DT_jRPG_Enemies#GO_Cruler";"Cruleram (Gustave Weapon)";"";"-1";"no";"no";"";"Enemy drop: enemy randomization moves the enemy, and drops have a chance";""
"Enemy drops";"Demineur (Flying Waters)";"DT_jRPG_Enemies#GO_Demineur";"";"";"-1";"no";"no";"";"Enemy drop: enemy randomization moves the enemy, and drops have a chance";""
"Enemy drops";"Bourgeon (Flying Waters)";"DT_jRPG_Enemies#GO_Bourgeon";"Augmented Counter I (Pictos), Abysseram (Gustave Weapon), Bourgeon Skin (Key Item)";"";"-1";"no";"no";"";"Enemy drop: enemy randomization moves the enemy, and drops have a chance";""
"Enemy drops";"Goblu (Flying Waters)";"DT_jRPG_Enemies#GO_Goblu";"Shape of Health (Upgrade Material), Polished Chroma Catalyst (Upgrade Material)";"";"-1";"no";"no";"";"Enemy drop: enemy randomization moves the enemy, and drops have a chance";""
"Enemy drops";"Chromatic Luster (Forgotten Battlefield)";"DT_jRPG_Enemies#GO_Luster_Alpha";"Lusteson (Sciel Weapon), Energising Parry (Pictos)";"";"-1";"no";"no";"";"Enemy drop: enemy randomization moves the enemy, and drops have a chance";""
"Enemy drops";"Dualsword Cultist (Cut Content)";"DT_jRPG_Enemies#SC_CultistDualSword";"";"";"-1";"no";"no";"";"Enemy drop: enemy randomization moves the enemy, and drops have a chance";""
"Enemy drops";"Greatsword Cultist (Stone Wave Cliffs)";"DT_jRPG_Enemies#SC_CultistHeavy";"Energising Pain (Pictos)";"";"-1";"no";"no";"";"Enemy drop: enemy randomization moves the enemy, and drops have a chance";""
"Enemy drops";"Mage Cultist (Cut Content)";"DT_jRPG_Enemies#SC_CultistMage";"Duenum (Maelle Weapon)";"";"-1";"no";"no";"";"Enemy drop: enemy randomization moves the enemy, and drops have a chance";""
"Enemy drops";"Reaper Cultist (Stone Wave Cliffs)";"DT_jRPG_Enemies#SC_CultistFlying";"Chation (Sciel Weapon)";"";"-1";"no";"no";"";"Enemy drop: enemy randomization moves the enemy, and drops have a chance";""
"Enemy drops";"SC_FearLight (Cut Content)";"DT_jRPG_Enemies#SC_FearLight";"";"";"-1";"no";"no";"";"Enemy drop: enemy randomization moves the enemy, and drops have a chance";""
"Enemy drops";"SC_SapNevronBoss (Cut Content)";"DT_jRPG_Enemies#SC_SapNevronBoss";"";"";"-1";"no";"no";"";"Enemy drop: enemy randomization moves the enemy, and drops have a chance";""
"Enemy drops";"Sunniso (Cut Content)";"DT_jRPG_Enemies#SC_Gestral_Sonnyso";"";"";"-1";"no";"no";"";"Enemy drop: enemy randomization moves the enemy, and drops have a chance";""
"Enemy drops";"Chromatic Greatsword Cultist (Sirene)";"DT_jRPG_Enemies#SC_CultistHeavy_Alpha";"Sireso (Verso Weapon)";"";"-1";"no";"no";"";"Enemy drop: enemy randomization moves the enemy, and drops have a chance";""
"Enemy drops";"Francois (Esquie's Nest)";"DT_jRPG_Enemies#EN_Francois";"Augmented First Strike (Pictos)";"";"-1";"no";"no";"";"Enemy drop: enemy randomization moves the enemy, and drops have a chance";""
"Enemy drops";"Ramasseur (Forgotten Battlefield)";"DT_jRPG_Enemies#FB_Ramasseur";"Ramasson (Sciel Weapon)";"";"-1";"no";"no";"";"Enemy drop: enemy randomization moves the enemy, and drops have a chance";""
"Enemy drops";"Troubadour (Forgotten Battlefield)";"DT_jRPG_Enemies#FB_Troubadour";"Troubadim (Lune Weapon)";"";"-1";"no";"no";"";"Enemy drop: enemy randomization moves the enemy, and drops have a chance";""
"Enemy drops";"Benisseur (Sirene)";"DT_jRPG_Enemies#FB_Benisseur";"";"";"-1";"no";"no";"";"Enemy drop: enemy randomization moves the enemy, and drops have a chance";""
"Enemy drops";"DuallisteR (Cut Content)";"DT_jRPG_Enemies#FB_DuallisteR";"";"";"-1";"no";"no";"";"Enemy drop: enemy randomization moves the enemy, and drops have a chance";""
"Enemy drops";"DuallisteL (Cut Content)";"DT_jRPG_Enemies#FB_DuallisteL";"";"";"-1";"no";"no";"";"Enemy drop: enemy randomization moves the enemy, and drops have a chance";""
"Enemy drops";"Dualliste (Forgotten Battlefield)";"DT_jRPG_Enemies#FB_DuallisteLR";"Dualiso (Verso Weapon), Combo Attack I (Pictos)";"";"-1";"no";"no";"";"Enemy drop: enemy randomization moves the enemy, and drops have a chance";""
"Enemy drops";"Dualliste_Phase1 (Cut Content)";"DT_jRPG_Enemies#FB_Dualliste_Phase1";"";"";"-1";"no";"no";"";"Enemy drop: enemy randomization moves the enemy, and drops have a chance";""
"Enemy drops";"Chalier - Sword (Forgotten Battlefield)";"DT_jRPG_Enemies#FB_ChalierSword";"Longer Shell (Pictos)";"";"-1";"no";"no";"";"Enemy drop: enemy randomization moves the enemy, and drops have a chance";""
"Enemy drops";"Chalier - Hammer (Forgotten Battlefield)";"DT_jRPG_Enemies#FB_ChalierHammer";"Longer Shell (Pictos)";"";"-1";"no";"no";"";"Enemy drop: enemy randomization moves the enemy, and drops have a chance";""
"Enemy drops";"Chalier - Spear (Forgotten Battlefield)";"DT_jRPG_Enemies#FB_ChalierSpear";"Longer Shell (Pictos)";"";"-1";"no";"no";"";"Enemy drop: enemy randomization moves the enemy, and drops have a chance";""
"Enemy drops";"Chromatic Chalier (Sinister Cave)";"DT_jRPG_Enemies#FB_ChalierSword_Alpha";"Chalium (Maelle Weapon)";"";"-1";"no";"no";"";"Enemy drop: enemy randomization moves the enemy, and drops have a chance";""
"Enemy drops";"Chromatic Benisseur (World Map)";"DT_jRPG_Enemies#FB_Benisseur_Alpha";"Benisim (Lune Weapon)";"";"-1";"no";"no";"";"Enemy drop: enemy randomization moves the enemy, and drops have a chance";""
"Enemy drops";"Wall (Cut Content)";"DT_jRPG_Enemies#NevronWall";"";"";"-1";"no";"no";"";"Enemy drop: enemy randomization moves the enemy, and drops have a chance";""
"Enemy drops";"Pelerin (Frozen Hearts)";"DT_jRPG_Enemies#MM_Pelerin";"Glaceso (Verso Weapon)";"";"-1";"no";"no";"";"Enemy drop: enemy randomization moves the enemy, and drops have a chance";""
"Enemy drops";"Danseuse (Frozen Hearts)";"DT_jRPG_Enemies#MM_Danseuse";"Burning Death (Pictos)";"";"-1";"no";"no";"";"Enemy drop: enemy randomization moves the enemy, and drops have a chance";""
"Enemy drops";"Danseuse Clone (Frozen Hearts)";"DT_jRPG_Enemies#MM_Danseuse_Clone";"";"";"-1";"no";"no";"";"Enemy drop: enemy randomization moves the enemy, and drops have a chance";""
"Enemy drops";"Stalact (Frozen Hearts)";"DT_jRPG_Enemies#MM_Stalact";"Stalum (Maelle Weapon)";"";"-1";"no";"no";"";"Enemy drop: enemy randomization moves the enemy, and drops have a chance";""
"Enemy drops";"Braseleur (Frozen Hearts)";"DT_jRPG_Enemies#MM_Braseleur";"";"";"-1";"no";"no";"";"Enemy drop: enemy randomization moves the enemy, and drops have a chance";""
"Enemy drops";"Chromatic Danseuse (Old Lumiere)";"DT_jRPG_Enemies#MM_Danseuse_Alpha";"Revive Paradox (Pictos), Danseso (Verso Weapon)";"";"-1";"no";"no";"";"Enemy drop: enemy randomization moves the enemy, and drops have a chance";""
"Enemy drops";"Chromatic Danseuse - Clone (Old Lumiere)";"DT_jRPG_Enemies#MM_Danseuse_CloneAlpha";"";"";"-1";"no";"no";"";"Enemy drop: enemy randomization moves the enemy, and drops have a chance";""
"Enemy drops";"Painted Renoir (The Monolith)";"DT_jRPG_Enemies#MM_MirrorRenoir";"Second Chance (Pictos), Renoir's Suit (Verso Outfit)";"";"-1";"no";"no";"";"Enemy drop: enemy randomization moves the enemy, and drops have a chance";""
"Enemy drops";"Gargant (Frozen Hearts)";"DT_jRPG_Enemies#MM_Gargant";"Anti-Burn (Pictos), Snowim (Lune Weapon), Eternal Ice (Key Item)";"";"-1";"no";"no";"";"Enemy drop: enemy randomization moves the enemy, and drops have a chance";""
"Enemy drops";"Lancelier Alternatif A (Cut Content)";"DT_jRPG_Enemies#SM_Lancelier_AlternatifA";"Lanceram (Gustave Weapon)";"";"-1";"no";"no";"";"Enemy drop: enemy randomization moves the enemy, and drops have a chance";""
"Enemy drops";"Lancelier Alternatif B (Cut Content)";"DT_jRPG_Enemies#SM_Lancelier_AlternatifB";"Lanceram (Gustave Weapon)";"";"-1";"no";"no";"";"Enemy drop: enemy randomization moves the enemy, and drops have a chance";""
"Enemy drops";"Lancelier Alternatif C (Cut Content)";"DT_jRPG_Enemies#SM_Lancelier_AlternatifC";"Lanceram (Gustave Weapon)";"";"-1";"no";"no";"";"Enemy drop: enemy randomization moves the enemy, and drops have a chance";""
"Enemy drops";"Lancelier Alternatif D (Cut Content)";"DT_jRPG_Enemies#SM_Lancelier_AlternatifD";"Lanceram (Gustave Weapon)";"";"-1";"no";"no";"";"Enemy drop: enemy randomization moves the enemy, and drops have a chance";""
"Enemy drops";"Lancelier - TestMichel (Cut Content)";"DT_jRPG_Enemies#TestMichel_Lancelier";"";"";"-1";"no";"no";"";"Enemy drop: enemy randomization moves the enemy, and drops have a chance";""
"Enemy drops";"Gault Alternativ A (Cut Content)";"DT_jRPG_Enemies#YF_Gault_AlternativA";"";"";"-1";"no";"no";"";"Enemy drop: enemy randomization moves the enemy, and drops have a chance";""
"Enemy drops";"Gault Alternativ B (Cut Content)";"DT_jRPG_Enemies#YF_Gault_AlternativB";"";"";"-1";"no";"no";"";"Enemy drop: enemy randomization moves the enemy, and drops have a chance";""
"Enemy drops";"Gault Alternativ C (Cut Content)";"DT_jRPG_Enemies#YF_Gault_AlternativC";"";"";"-1";"no";"no";"";"Enemy drop: enemy randomization moves the enemy, and drops have a chance";""
"Enemy drops";"Gault Alternativ D (Cut Content)";"DT_jRPG_Enemies#YF_Gault_AlternativD";"";"";"-1";"no";"no";"";"Enemy drop: enemy randomization moves the enemy, and drops have a chance";""
"Enemy drops";"Gault Alternativ E (Cut Content)";"DT_jRPG_Enemies#YF_Gault_AlternativE";"";"";"-1";"no";"no";"";"Enemy drop: enemy randomization moves the enemy, and drops have a chance";""
"Enemy drops";"Portier alternativ A (Cut Content)";"DT_jRPG_Enemies#SM_Portier_AlternativA";"";"";"-1";"no";"no";"";"Enemy drop: enemy randomization moves the enemy, and drops have a chance";""
"Enemy drops";"Portier alternativ B (Cut Content)";"DT_jRPG_Enemies#SM_Portier_AlternativB";"";"";"-1";"no";"no";"";"Enemy drop: enemy randomization moves the enemy, and drops have a chance";""
"Enemy drops";"Portier alternativ C (Cut Content)";"DT_jRPG_Enemies#SM_Portier_AlternativC";"";"";"-1";"no";"no";"";"Enemy drop: enemy randomization moves the enemy, and drops have a chance";""
"Enemy drops";"Portier alternativ D (Cut Content)";"DT_jRPG_Enemies#SM_Portier_AlternativD";"";"";"-1";"no";"no";"";"Enemy drop: enemy randomization moves the enemy, and drops have a chance";""
"Enemy drops";"Portier alternativ E (Cut Content)";"DT_jRPG_Enemies#SM_Portier_AlternativE";"";"";"-1";"no";"no";"";"Enemy drop: enemy randomization moves the enemy, and drops have a chance";""
"Enemy drops";"Volester alternativ A (Cut Content)";"DT_jRPG_Enemies#SM_Volester_AlternativA";"";"";"-1";"no";"no";"";"Enemy drop: enemy randomization moves the enemy, and drops have a chance";""
"Enemy drops";"Volester alternativ B (Cut Content)";"DT_jRPG_Enemies#SM_Volester_AlternativB";"";"";"-1";"no";"no";"";"Enemy drop: enemy randomization moves the enemy, and drops have a chance";""
"Enemy drops";"Volester alternativ C (Cut Content)";"DT_jRPG_Enemies#SM_Volester_AlternativC";"";"";"-1";"no";"no";"";"Enemy drop: enemy randomization moves the enemy, and drops have a chance";""
"Enemy drops";"Volester alternativ D (Cut Content)";"DT_jRPG_Enemies#SM_Volester_AlternativD";"";"";"-1";"no";"no";"";"Enemy drop: enemy randomization moves the enemy, and drops have a chance";""
"Enemy drops";"Volester alternativ E (Cut Content)";"DT_jRPG_Enemies#SM_Volester_AlternativE";"";"";"-1";"no";"no";"";"Enemy drop: enemy randomization moves the enemy, and drops have a chance";""
"Enemy drops";"PotierA (Cut Content)";"DT_jRPG_Enemies#YF_Potier_AlternativeA";"";"";"-1";"no";"no";"";"Enemy drop: enemy randomization moves the enemy, and drops have a chance";""
"Enemy drops";"PotierB (Cut Content)";"DT_jRPG_Enemies#YF_Potier_AlternativeB";"";"";"-1";"no";"no";"";"Enemy drop: enemy randomization moves the enemy, and drops have a chance";""
"Enemy drops";"PotierC (Cut Content)";"DT_jRPG_Enemies#YF_Potier_AlternativeC";"";"";"-1";"no";"no";"";"Enemy drop: enemy randomization moves the enemy, and drops have a chance";""
"Enemy drops";"PotierD (Cut Content)";"DT_jRPG_Enemies#YF_Potier_AlternativeD";"";"";"-1";"no";"no";"";"Enemy drop: enemy randomization moves the enemy, and drops have a chance";""
"Enemy drops";"PotierE (Cut Content)";"DT_jRPG_Enemies#YF_Potier_AlternativeE";"";"";"-1";"no";"no";"";"Enemy drop: enemy randomization moves the enemy, and drops have a chance";""
"Enemy drops";"Sapling Alternative A (Cut Content)";"DT_jRPG_Enemies#YF_Sapling_AlternativeA";"Saperim (Lune Weapon)";"";"-1";"no";"no";"";"Enemy drop: enemy randomization moves the enemy, and drops have a chance";""
"Enemy drops";"Sapling Alternative B (Cut Content)";"DT_jRPG_Enemies#YF_Sapling_AlternativeB";"Saperim (Lune Weapon)";"";"-1";"no";"no";"";"Enemy drop: enemy randomization moves the enemy, and drops have a chance";""
"Enemy drops";"Sapling Alternative C (Cut Content)";"DT_jRPG_Enemies#YF_Sapling_AlternativeC";"Saperim (Lune Weapon)";"";"-1";"no";"no";"";"Enemy drop: enemy randomization moves the enemy, and drops have a chance";""
"Enemy drops";"Jar alternative A (Cut Content)";"DT_jRPG_Enemies#YF_Jar_AlternativeA";"";"";"-1";"no";"no";"";"Enemy drop: enemy randomization moves the enemy, and drops have a chance";""
"Enemy drops";"Jar alternative B (Cut Content)";"DT_jRPG_Enemies#YF_Jar_AlternativeB";"";"";"-1";"no";"no";"";"Enemy drop: enemy randomization moves the enemy, and drops have a chance";""
"Enemy drops";"Jar alternative C (Cut Content)";"DT_jRPG_Enemies#YF_Jar_AlternativeC";"";"";"-1";"no";"no";"";"Enemy drop: enemy randomization moves the enemy, and drops have a chance";""
"Enemy drops";"Ceramic Chevaliere (Cut Content)";"DT_jRPG_Enemies#GDC_Chevaliere_A";"";"";"-1";"no";"no";"";"Enemy drop: enemy randomization moves the enemy, and drops have a chance";""
"Enemy drops";"Troubadour (Cut Content)";"DT_jRPG_Enemies#GDC_Troubadour";"";"";"-1";"no";"no";"";"Enemy drop: enemy randomization moves the enemy, and drops have a chance";""
"Enemy drops";"Chalier (Cut Content)";"DT_jRPG_Enemies#GDC_Chalier";"";"";"-1";"no";"no";"";"Enemy drop: enemy randomization moves the enemy, and drops have a chance";""
"Enemy drops";"Dualliste (Cut Content)";"DT_jRPG_Enemies#GDC_Dualliste";"";"";"-1";"no";"no";"";"Enemy drop: enemy randomization moves the enemy, and drops have a chance";""
"Enemy drops";"Chroma Maelle (Cut Content)";"DT_jRPG_Enemies#CZ_ChromaMaelle";"";"";"-1";"no";"no";"";"Enemy drop: enemy randomization moves the enemy, and drops have a chance";""
"Enemy drops";"Chroma Verso (Cut Content)";"DT_jRPG_Enemies#CZ_ChromaVerso";"";"";"-1";"no";"no";"";"Enemy drop: enemy randomization moves the enemy, and drops have a chance";""
"Enemy drops";"Chroma Lune (Cut Content)";"DT_jRPG_Enemies#CZ_ChromaLune";"";"";"-1";"no";"no";"";"Enemy drop: enemy randomization moves the enemy, and drops have a chance";""
"Enemy drops";"Chroma Sciel (Cut Content)";"DT_jRPG_Enemies#CZ_ChromaSciel";"";"";"-1";"no";"no";"";"Enemy drop: enemy randomization moves the enemy, and drops have a chance";""
"Enemy drops";"Chroma Monoco (Cut Content)";"DT_jRPG_Enemies#CZ_ChromaMonoco";"";"";"-1";"no";"no";"";"Enemy drop: enemy randomization moves the enemy, and drops have a chance";""
"Enemy drops";"Moissonneuse (Visages)";"DT_jRPG_Enemies#MF_Moissonneuse";"";"";"-1";"no";"no";"";"Enemy drop: enemy randomization moves the enemy, and drops have a chance";""
"Enemy drops";"Boucheclier (Visages)";"DT_jRPG_Enemies#MF_Boucheclier";"";"";"-1";"no";"no";"";"Enemy drop: enemy randomization moves the enemy, and drops have a chance";""
"Enemy drops";"Chapelier (Visages)";"DT_jRPG_Enemies#MF_Chapelier";"";"";"-1";"no";"no";"";"Enemy drop: enemy randomization moves the enemy, and drops have a chance";""
"Enemy drops";"Contorsionniste (Visages)";"DT_jRPG_Enemies#MF_Contorsionniste";"Contorso (Verso Weapon)";"";"-1";"no";"no";"";"Enemy drop: enemy randomization moves the enemy, and drops have a chance";""
"Enemy drops";"Boucheclier - Anger (Visages)";"DT_jRPG_Enemies#MF_BoucheclierAnger";"";"";"-1";"no";"no";"";"Enemy drop: enemy randomization moves the enemy, and drops have a chance";""
"Enemy drops";"Chromatic Moissonneuse (Endless Tower)";"DT_jRPG_Enemies#MF_Moissonneuse_ALPHA";"Moisson (Sciel Weapon)";"";"-1";"no";"no";"";"Enemy drop: enemy randomization moves the enemy, and drops have a chance";""
"Enemy drops";"Chromatic Robust Sakapatate (Dark Gestral Arena)";"DT_jRPG_Enemies#AS_PotatoBag_Tank_ALPHA";"Sakaram (Gustave Weapon)";"";"-1";"no";"no";"";"Enemy drop: enemy randomization moves the enemy, and drops have a chance";""
"Enemy drops";"Chromatic Ultimate Sakapatate (Cut Content)";"DT_jRPG_Enemies#AS_PotatoBag_Boss_ALPHA";"";"";"-1";"no";"no";"";"Enemy drop: enemy randomization moves the enemy, and drops have a chance";""
"Enemy drops";"Chromatic Ranger Sakapatate (Dark Gestral Arena)";"DT_jRPG_Enemies#AS_PotatoBag_Ranger_ALPHA";"";"";"-1";"no";"no";"";"Enemy drop: enemy randomization moves the enemy, and drops have a chance";""
"Enemy drops";"Chromatic Catapult Sakapatate (Dark Gestral Arena)";"DT_jRPG_Enemies#AS_PotatoBag_Mage_ALPHA";"Trebuchim (Lune Weapon)";"";"-1";"no";"no";"";"Enemy drop: enemy randomization moves the enemy, and drops have a chance";""
"Enemy drops";"Chromatic Eveque - Earth (Endless Tower)";"DT_jRPG_Enemies#SM_Boss_Eveque_Earth_ALPHA";"";"";"-1";"no";"no";"";"Enemy drop: enemy randomization moves the enemy, and drops have a chance";""
"Enemy drops";"Chromatic Boucheclier (Isle of the Eyes)";"DT_jRPG_Enemies#MF_Boucheclier_ALPHA";"Facesum (Maelle Weapon)";"";"-1";"no";"no";"";"Enemy drop: enemy randomization moves the enemy, and drops have a chance";""
"Enemy drops";"Chromatic Bourgeon (The Monolith)";"DT_jRPG_Enemies#GO_Bourgeon_ALPHA";"Bourgelon (Sciel Weapon), Bourgeon Skin (Key Item)";"";"-1";"no";"no";"";"Enemy drop: enemy randomization moves the enemy, and drops have a chance";""
"Enemy drops";"Chromatic Braseleur (The Reacher)";"DT_jRPG_Enemies#MM_Braseleur_ALPHA";"Braselim (Lune Weapon)";"";"-1";"no";"no";"";"Enemy drop: enemy randomization moves the enemy, and drops have a chance";""
"Enemy drops";"Chromatic Bruler (World Map)";"DT_jRPG_Enemies#GO_Bruler_ALPHA";"Powerful Revive (Pictos)";"";"-1";"no";"no";"";"Enemy drop: enemy randomization moves the enemy, and drops have a chance";""
"Enemy drops";"Chromatic Chapelier (The Crows)";"DT_jRPG_Enemies#MF_Chapelier_ALPHA";"Shielding Death (Pictos), Minason (Sciel Weapon)";"";"-1";"no";"no";"";"Enemy drop: enemy randomization moves the enemy, and drops have a chance";""
"Enemy drops";"Dualsword Cultist Alpha (Cut Content)";"DT_jRPG_Enemies#SC_CultistDualSword_ALPHA";"";"";"-1";"no";"no";"";"Enemy drop: enemy randomization moves the enemy, and drops have a chance";""
"Enemy drops";"Chromatic Reaper Cultist (World Map)";"DT_jRPG_Enemies#SC_CultistFlying_ALPHA";"Blodam (Gustave Weapon)";"";"-1";"no";"no";"";"Enemy drop: enemy randomization moves the enemy, and drops have a chance";""
"Enemy drops";"Chromatic Mage Cultist (Cut Content)";"DT_jRPG_Enemies#SC_CultistMage_ALPHA";"Duenum (Maelle Weapon)";"";"-1";"no";"no";"";"Enemy drop: enemy randomization moves the enemy, and drops have a chance";""
"Enemy drops";"Chromatic Dualliste (Cut Content)";"DT_jRPG_Enemies#FB_DuallisteLR_ALPHA";"";"";"-1";"no";"no";"";"Enemy drop: enemy randomization moves the enemy, and drops have a chance";""
"Enemy drops";"Chromatic Gargant (Cut Content)";"DT_jRPG_Enemies#MM_Gargant_ALPHA";"Garganon (Sciel Weapon)";"";"-1";"no";"no";"";"Enemy drop: enemy randomization moves the enemy, and drops have a chance";""
"Enemy drops";"Chromatic Pelerin (Cut Content)";"DT_jRPG_Enemies#MM_Pelerin_ALPHA";"";"";"-1";"no";"no";"";"Enemy drop: enemy randomization moves the enemy, and drops have a chance";""
"Enemy drops";"Chromatic Portier (Endless Tower)";"DT_jRPG_Enemies#SM_Portier_ALPHA";"Anti-Blight (Pictos)";"";"-1";"no";"no";"";"Enemy drop: enemy randomization moves the enemy, and drops have a chance";""
"Enemy drops";"Chromatic Ramasseur (Visages)";"DT_jRPG_Enemies#FB_Ramasseur_Alpha";"Augmented Counter II (Pictos)";"";"-1";"no";"no";"";"Enemy drop: enemy randomization moves the enemy, and drops have a chance";""
"Enemy drops";"Chromatic Stalact (Cut Content)";"DT_jRPG_Enemies#MM_Stalact_ALPHA";"Stalum (Maelle Weapon)";"";"-1";"no";"no";"";"Enemy drop: enemy randomization moves the enemy, and drops have a chance";""
"Enemy drops";"Chromatic Troubadour (Flying Waters)";"DT_jRPG_Enemies#FB_Troubadour_Alpha";"Troubadim (Lune Weapon)";"";"-1";"no";"no";"";"Enemy drop: enemy randomization moves the enemy, and drops have a chance";""
"Enemy drops";"Chromatic Volester (Cut Content)";"DT_jRPG_Enemies#SM_Volester_ALPHA";"";"";"-1";"no";"no";"";"Enemy drop: enemy randomization moves the enemy, and drops have a chance";""
"Enemy drops";"Chromatic Sapling (Cut Content)";"DT_jRPG_Enemies#YF_Sapling_ALPHA";"Saperim (Lune Weapon)";"";"-1";"no";"no";"";"Enemy drop: enemy randomization moves the enemy, and drops have a chance";""
"Enemy drops";"Chromatic Glaise (Sky Island)";"DT_jRPG_Enemies#YF_Glaise_ALPHA";"Urnaro (Monoco Weapon)";"";"-1";"no";"no";"";"Enemy drop: enemy randomization moves the enemy, and drops have a chance";""
"Enemy drops";"Chromatic Jar (Endless Tower)";"DT_jRPG_Enemies#YF_Jar_ALPHA";"Jarum (Maelle Weapon)";"";"-1";"no";"no";"";"Enemy drop: enemy randomization moves the enemy, and drops have a chance";""
"Enemy drops";"Chromatic Potier (Cut Content)";"DT_jRPG_Enemies#YF_Potier_ALPHA";"Potierim (Lune Weapon)";"";"-1";"no";"no";"";"Enemy drop: enemy randomization moves the enemy, and drops have a chance";""
"Enemy drops";"Mask of Anger (Cut Content)";"DT_jRPG_Enemies#MF_MaskAnger";"";"";"-1";"no";"no";"";"Enemy drop: enemy randomization moves the enemy, and drops have a chance";""
"Enemy drops";"Mask of Sadness (Cut Content)";"DT_jRPG_Enemies#MF_MaskSadness";"";"";"-1";"no";"no";"";"Enemy drop: enemy randomization moves the enemy, and drops have a chance";""
"Enemy drops";"Mask of Joy (Cut Content)";"DT_jRPG_Enemies#MF_MaskJoy";"";"";"-1";"no";"no";"";"Enemy drop: enemy randomization moves the enemy, and drops have a chance";""
"Enemy drops";"Chapelier - Sadness (Visages)";"DT_jRPG_Enemies#MF_ChapelierSadness";"";"";"-1";"no";"no";"";"Enemy drop: enemy randomization moves the enemy, and drops have a chance";""
"Enemy drops";"Gestral Warrior - Sumo (Dark Gestral Arena)";"DT_jRPG_Enemies#GA_GestralSumo";"";"";"-1";"no";"no";"";"Enemy drop: enemy randomization moves the enemy, and drops have a chance";""
"Enemy drops";"Gestral Warrior - Skinny (Dark Gestral Arena)";"DT_jRPG_Enemies#GA_GestralSkinny";"";"";"-1";"no";"no";"";"Enemy drop: enemy randomization moves the enemy, and drops have a chance";""
"Enemy drops";"Gestral Warrior - Chad (Gestral Village)";"DT_jRPG_Enemies#GA_GestralChad";"";"";"-1";"no";"no";"";"Enemy drop: enemy randomization moves the enemy, and drops have a chance";""
"Enemy drops";"Gestral Warrior - Buff (Dark Gestral Arena)";"DT_jRPG_Enemies#GA_GestralBuff";"";"";"-1";"no";"no";"";"Enemy drop: enemy randomization moves the enemy, and drops have a chance";""
"Enemy drops";"Gestral Warrior - Tall (Dark Gestral Arena)";"DT_jRPG_Enemies#GA_GestralTall";"";"";"-1";"no";"no";"";"Enemy drop: enemy randomization moves the enemy, and drops have a chance";""
"Enemy drops";"Gestral Warrior - Baby (Dark Gestral Arena)";"DT_jRPG_Enemies#GA_GestralBaby";"";"";"-1";"no";"no";"";"Enemy drop: enemy randomization moves the enemy, and drops have a chance";""
"Enemy drops";"Moissonneuse - Joy (Visages)";"DT_jRPG_Enemies#MF_MoissonneuseJoy";"";"";"-1";"no";"no";"";"Enemy drop: enemy randomization moves the enemy, and drops have a chance";""
"Enemy drops";"Cut Content Citizen (Cut Content)";"DT_jRPG_Enemies#L_LumiereCitizen";"";"";"-1";"no";"no";"";"Enemy drop: enemy randomization moves the enemy, and drops have a chance";""
"Enemy drops";"Matthieu the Colossus (Gestral Village)";"DT_jRPG_Enemies#QUEST_MatthieuTheColossus";"";"";"-1";"no";"no";"";"Enemy drop: enemy randomization moves the enemy, and drops have a chance";""
"Enemy drops";"Bertrand Big Hands (Gestral Village)";"DT_jRPG_Enemies#QUEST_BertrandBigHands";"";"";"-1";"no";"no";"";"Enemy drop: enemy randomization moves the enemy, and drops have a chance";""
"Enemy drops";"Dominique Giant Feet (Gestral Village)";"DT_jRPG_Enemies#QUEST_DominiqueGiantFeet";"";"";"-1";"no";"no";"";"Enemy drop: enemy randomization moves the enemy, and drops have a chance";""
"Enemy drops";"Julien Tiny Head (Gestral Village)";"DT_jRPG_Enemies#QUEST_JulienTinyHead";"";"";"-1";"no";"no";"";"Enemy drop: enemy randomization moves the enemy, and drops have a chance";""
"Enemy drops";"Chromatic Goblu (World Map)";"DT_jRPG_Enemies#GO_Goblu_ALPHA";"Gobluson (Sciel Weapon)";"";"-1";"no";"no";"";"Enemy drop: enemy randomization moves the enemy, and drops have a chance";""
"Enemy drops";"Chromatic Demineur (Endless Tower)";"DT_jRPG_Enemies#GO_Demineur_ALPHA";"Angerim (Lune Weapon)";"";"-1";"no";"no";"";"Enemy drop: enemy randomization moves the enemy, and drops have a chance";""
"Enemy drops";"Chromatic Cruler (Endless Night Sanctuary)";"DT_jRPG_Enemies#GO_Cruler_ALPHA";"Cruleram (Gustave Weapon), Quick Break (Pictos)";"";"-1";"no";"no";"";"Enemy drop: enemy randomization moves the enemy, and drops have a chance";""
"Enemy drops";"Ballet (Sirene)";"DT_jRPG_Enemies#SI_Ballet";"Ballaro (Monoco Weapon)";"";"-1";"no";"no";"";"Enemy drop: enemy randomization moves the enemy, and drops have a chance";""
"Enemy drops";"Chromatic Ballet (Cut Content)";"DT_jRPG_Enemies#SI_Ballet_ALPHA";"Ballaro (Monoco Weapon)";"";"-1";"no";"no";"";"Enemy drop: enemy randomization moves the enemy, and drops have a chance";""
"Enemy drops";"Monoco (Monoco's Station)";"DT_jRPG_Enemies#MS_Monoco";"";"";"-1";"no";"no";"";"Enemy drop: enemy randomization moves the enemy, and drops have a chance";""
"Enemy drops";"Flame Eveque (Cut Content)";"DT_jRPG_Enemies#SM_Boss_Eveque_Fire_ALPHA";"";"";"-1";"no";"no";"";"Enemy drop: enemy randomization moves the enemy, and drops have a chance";""
"Enemy drops";"Frost Eveque (World Map)";"DT_jRPG_Enemies#SM_Boss_Eveque_Ice_ALPHA";"Energising Gradient (Pictos)";"";"-1";"no";"no";"";"Enemy drop: enemy randomization moves the enemy, and drops have a chance";""
"Enemy drops";"Thunder Eveque (Endless Tower)";"DT_jRPG_Enemies#SM_Boss_Eveque_Lightning_ALPHA";"Breaking Death (Pictos)";"";"-1";"no";"no";"";"Enemy drop: enemy randomization moves the enemy, and drops have a chance";""
"Enemy drops";"Glissando (Sirene)";"DT_jRPG_Enemies#SI_Glissando";"Sirene (Lune Outfit)";"";"-1";"no";"no";"";"Enemy drop: enemy randomization moves the enemy, and drops have a chance";""
"Enemy drops";"Sirene (Sirene)";"DT_jRPG_Enemies#SI_Axon_Sirene";"Energising Turn (Pictos), Tisseron (Sciel Weapon)";"";"-1";"no";"no";"";"Enemy drop: enemy randomization moves the enemy, and drops have a chance";""
"Enemy drops";"Visages (Visages)";"DT_jRPG_Enemies#MF_Axon_Visages";"Immaculate (Pictos)";"";"-1";"no";"no";"";"Enemy drop: enemy randomization moves the enemy, and drops have a chance";""
"Enemy drops";"The Weaponless Chalier (Cut Content)";"DT_jRPG_Enemies#QUEST_WeaponlessChalier";"Colour of Lumina (Upgrade Material)";"";"-1";"no";"no";"";"Enemy drop: enemy randomization moves the enemy, and drops have a chance";""
"Enemy drops";"Orphelin - Hammer (The Reacher)";"DT_jRPG_Enemies#RE_OrphelinHammer";"";"";"-1";"no";"no";"";"Enemy drop: enemy randomization moves the enemy, and drops have a chance";""
"Enemy drops";"Orphelin - Spoon (The Reacher)";"DT_jRPG_Enemies#RE_OrphelinSpoon";"";"";"-1";"no";"no";"";"Enemy drop: enemy randomization moves the enemy, and drops have a chance";""
"Enemy drops";"Orphelin - Nail (The Reacher)";"DT_jRPG_Enemies#RE_OrphelinNail";"";"";"-1";"no";"no";"";"Enemy drop: enemy randomization moves the enemy, and drops have a chance";""
"Enemy drops";"White Demineur - No Mine (Flying Waters)";"DT_jRPG_Enemies#QUEST_DemineurWithoutMine";"Colour of Lumina (Upgrade Material)";"";"-1";"no";"no";"";"Enemy drop: enemy randomization moves the enemy, and drops have a chance";""
"Enemy drops";"White Demineur (Flying Waters)";"DT_jRPG_Enemies#QUEST_DemineurWithMine";"Colour of Lumina (Upgrade Material)";"";"-1";"no";"no";"";"Enemy drop: enemy randomization moves the enemy, and drops have a chance";""
"Enemy drops";"Tisseur (Sirene)";"DT_jRPG_Enemies#SI_Tisseur";"Tissenum (Maelle Weapon), Anti-Charm (Pictos)";"";"-1";"no";"no";"";"Enemy drop: enemy randomization moves the enemy, and drops have a chance";""
"Enemy drops";"Danseuse Teacher Parry Trial (Frozen Hearts)";"DT_jRPG_Enemies#QUEST_Danseuse_DanceClass";"";"";"-1";"no";"no";"";"Enemy drop: enemy randomization moves the enemy, and drops have a chance";""
"Enemy drops";"White Jar (Spring Meadows)";"DT_jRPG_Enemies#QUEST_JarNeedLight";"Colour of Lumina (Upgrade Material)";"";"-1";"no";"no";"";"Enemy drop: enemy randomization moves the enemy, and drops have a chance";""
"Enemy drops";"Alicia (The Reacher)";"DT_jRPG_Enemies#RC_Alicia";"Painted Me (Maelle Haircut), Lithum (Maelle Weapon)";"";"-1";"no";"no";"";"Enemy drop: enemy randomization moves the enemy, and drops have a chance";""
"Enemy drops";"Giant Sapling (Crushing Cavern)";"DT_jRPG_Enemies#SL_Sapling_CrushingWall";"Solidifying (Pictos)";"";"-1";"no";"no";"";"Enemy drop: enemy randomization moves the enemy, and drops have a chance";""
"Enemy drops";"Lumiere Citizen - Fleuret_Female (Lumiere - Act 3)";"DT_jRPG_Enemies#L_LumiereCitizen_Fleuret_Female";"";"";"-1";"no";"no";"";"Enemy drop: enemy randomization moves the enemy, and drops have a chance";""
"Enemy drops";"Lumiere Citizen - Fleuret_Male (Lumiere - Act 3)";"DT_jRPG_Enemies#L_LumiereCitizen_Fleuret_Male";"";"";"-1";"no";"no";"";"Enemy drop: enemy randomization moves the enemy, and drops have a chance";""
"Enemy drops";"Lumiere Citizen - Mage_Female (Lumiere - Act 3)";"DT_jRPG_Enemies#L_LumiereCitizen_Mage_Female";"Litheson (Sciel Weapon)";"";"-1";"no";"no";"";"Enemy drop: enemy randomization moves the enemy, and drops have a chance";""
"Enemy drops";"Cut Content Citizen - Mage_Male (Cut Content)";"DT_jRPG_Enemies#L_LumiereCitizen_Mage_Male";"Litheson (Sciel Weapon)";"";"-1";"no";"no";"";"Enemy drop: enemy randomization moves the enemy, and drops have a chance";""
"Enemy drops";"Lumiere Citizen - GunSword_Female (Lumiere - Act 3)";"DT_jRPG_Enemies#L_LumiereCitizen_GunSword_Female";"Liteso (Verso Weapon)";"";"-1";"no";"no";"";"Enemy drop: enemy randomization moves the enemy, and drops have a chance";""
"Enemy drops";"Lumiere Citizen - GunSword_Male (Lumiere - Act 3)";"DT_jRPG_Enemies#L_LumiereCitizen_GunSword_Male";"Liteso (Verso Weapon)";"";"-1";"no";"no";"";"Enemy drop: enemy randomization moves the enemy, and drops have a chance";""
"Enemy drops";"White Portier (Esoteric Ruins)";"DT_jRPG_Enemies#Portier_DoorSoul";"Colour of Lumina (Upgrade Material)";"";"-1";"no";"no";"";"Enemy drop: enemy randomization moves the enemy, and drops have a chance";""
"Enemy drops";"The Paintress (The Monolith)";"DT_jRPG_Enemies#MO_Boss_Paintress";"Quest_MaellePainterSkillsUnlock (Skill Unlock), Painted Power (Pictos)";"";"-1";"no";"no";"";"Enemy drop: enemy randomization moves the enemy, and drops have a chance";""
"Enemy drops";"Renoir (Lumiere - Act 3)";"DT_jRPG_Enemies#L_Boss_Curator";"";"";"-1";"no";"no";"";"Enemy drop: enemy randomization moves the enemy, and drops have a chance";""
"Enemy drops";"Dualliste_Phase2 (Cut Content)";"DT_jRPG_Enemies#FB_Dualliste_Phase2";"Perfect Chroma Catalyst (Upgrade Material), Dualiso (Verso Weapon)";"";"-1";"no";"no";"";"Enemy drop: enemy randomization moves the enemy, and drops have a chance";""
"Enemy drops";"Jovial Moissonneuse (Visages)";"DT_jRPG_Enemies#MF_MoissonneuseMaskJoy";"Chapelim (Lune Weapon)";"";"-1";"no";"no";"";"Enemy drop: enemy randomization moves the enemy, and drops have a chance";""
"Enemy drops";"Sorrowful Chapelier (Visages)";"DT_jRPG_Enemies#MF_Chapelier_MaskSadness";"Boucharo (Monoco Weapon)";"";"-1";"no";"no";"";"Enemy drop: enemy randomization moves the enemy, and drops have a chance";""
"Enemy drops";"Seething Boucheclier (Visages)";"DT_jRPG_Enemies#MF_Boucheclier_MaskAnger";"Clierum (Maelle Weapon)";"";"-1";"no";"no";"";"Enemy drop: enemy randomization moves the enemy, and drops have a chance";""
"Enemy drops";"Hexga (Stone Wave Cliffs)";"DT_jRPG_Enemies#SC_Hexga";"Confident (Pictos)";"";"-1";"no";"no";"";"Enemy drop: enemy randomization moves the enemy, and drops have a chance";""
"Enemy drops";"Noco (Flying Waters)";"DT_jRPG_Enemies#Merchant_GoblusLair";"Merchant_GoblusLair (Merchant Unlock)";"";"-1";"no";"no";"";"Enemy drop: enemy randomization moves the enemy, and drops have a chance";""
"Enemy drops";"Jujubree (Gestral Village)";"DT_jRPG_Enemies#Merchant_GestralVillage1";"Merchant_GestralVillage1 (Merchant Unlock)";"";"-1";"no";"no";"";"Enemy drop: enemy randomization moves the enemy, and drops have a chance";""
"Enemy drops";"Eesda (Gestral Village)";"DT_jRPG_Enemies#Merchant_GestralVillage2";"Merchant_GestralVillage2 (Merchant Unlock)";"";"-1";"no";"no";"";"Enemy drop: enemy randomization moves the enemy, and drops have a chance";""
"Enemy drops";"Delsitra (Sacred River)";"DT_jRPG_Enemies#Merchant_GestralVillage3";"Merchant_GestralVillage3 (Merchant Unlock)";"";"-1";"no";"no";"";"Enemy drop: enemy randomization moves the enemy, and drops have a chance";""
"Enemy drops";"Jerijeri (Stone Wave Cliffs)";"DT_jRPG_Enemies#Merchant_SeaCliff";"Merchant_SeaCliff (Merchant Unlock)";"";"-1";"no";"no";"";"Enemy drop: enemy randomization moves the enemy, and drops have a chance";""
"Enemy drops";"Kasumi (Forgotten Battlefield)";"DT_jRPG_Enemies#Merchant_ForgottenBattlefield";"Merchant_ForgottenBattlefield (Merchant Unlock)";"";"-1";"no";"no";"";"Enemy drop: enemy randomization moves the enemy, and drops have a chance";""
"Enemy drops";"Rasablas (Cut Content)";"DT_jRPG_Enemies#Merchant_GrandisStation";"Merchant_GrandisStation (Merchant Unlock)";"";"-1";"no";"no";"";"Enemy drop: enemy randomization moves the enemy, and drops have a chance";""
"Enemy drops";"Mandelgo (Old Lumiere)";"DT_jRPG_Enemies#Merchant_OldLumiere";"Merchant_OldLumiere (Merchant Unlock)";"";"-1";"no";"no";"";"Enemy drop: enemy randomization moves the enemy, and drops have a chance";""
"Enemy drops";"Blooraga (Visages)";"DT_jRPG_Enemies#Merchant_Visages";"Merchant_Visages (Merchant Unlock)";"";"-1";"no";"no";"";"Enemy drop: enemy randomization moves the enemy, and drops have a chance";""
"Enemy drops";"Klaudiso (Sirene)";"DT_jRPG_Enemies#Merchant_Sirene";"Merchant_Sirene (Merchant Unlock)";"";"-1";"no";"no";"";"Enemy drop: enemy randomization moves the enemy, and drops have a chance";""
"Enemy drops";"Mistra (The Monolith)";"DT_jRPG_Enemies#Merchant_Monolith";"Merchant_Monolith (Merchant Unlock)";"";"-1";"no";"no";"";"Enemy drop: enemy randomization moves the enemy, and drops have a chance";""
"Enemy drops";"Cribappa (Lumiere - Act 3)";"DT_jRPG_Enemies#Merchant_Lumiere";"Merchant_Lumiere (Merchant Unlock)";"";"-1";"no";"no";"";"Enemy drop: enemy randomization moves the enemy, and drops have a chance";""
"Enemy drops";"Pinabby (Yellow Harvest)";"DT_jRPG_Enemies#Merchant_YellowForest";"Merchant_YellowForest (Merchant Unlock)";"";"-1";"no";"no";"";"Enemy drop: enemy randomization moves the enemy, and drops have a chance";""
"Enemy drops";"Persik (Falling Leaves)";"DT_jRPG_Enemies#Merchant_OrangeForest";"Merchant_OrangeForest (Merchant Unlock)";"";"-1";"no";"no";"";"Enemy drop: enemy randomization moves the enemy, and drops have a chance";""
"Enemy drops";"Melosh (Frozen Hearts)";"DT_jRPG_Enemies#Merchant_MonocosMountain";"Merchant_MonocosMountain (Merchant Unlock)";"";"-1";"no";"no";"";"Enemy drop: enemy randomization moves the enemy, and drops have a chance";""
"Enemy drops";"Eragol (The Reacher)";"DT_jRPG_Enemies#Merchant_Reacher";"Merchant_Reacher (Merchant Unlock)";"";"-1";"no";"no";"";"Enemy drop: enemy randomization moves the enemy, and drops have a chance";""
"Enemy drops";"Fusoka (Flying Manor)";"DT_jRPG_Enemies#Merchant_CleaIsland";"Merchant_CleaIsland (Merchant Unlock)";"";"-1";"no";"no";"";"Enemy drop: enemy randomization moves the enemy, and drops have a chance";""
"Enemy drops";"Ramodo (Cut Content)";"DT_jRPG_Enemies#Merchant_Optional1";"Merchant_Optional1 (Merchant Unlock)";"";"-1";"no";"no";"";"Enemy drop: enemy randomization moves the enemy, and drops have a chance";""
"Enemy drops";"Casmer (Cut Content)";"DT_jRPG_Enemies#Merchant_Optional2";"Merchant_Optional2 (Merchant Unlock)";"";"-1";"no";"no";"";"Enemy drop: enemy randomization moves the enemy, and drops have a chance";""
"Enemy drops";"Grour (Renoir's Drafts)";"DT_jRPG_Enemies#Merchant_Optional3";"Merchant_Optional3 (Merchant Unlock)";"";"-1";"no";"no";"";"Enemy drop: enemy randomization moves the enemy, and drops have a chance";""
"Enemy drops";"Obscure Clone (Cut Content)";"DT_jRPG_Enemies#MirrorRenoirCloneObscure";"";"";"-1";"no";"no";"";"Enemy drop: enemy randomization moves the enemy, and drops have a chance";""
"Enemy drops";"Verso (The Heart of the Canvas)";"DT_jRPG_Enemies#FinalBoss_Verso";"Our Drafts Collide (Music Record)";"";"-1";"no";"no";"";"Enemy drop: enemy randomization moves the enemy, and drops have a chance";""
"Enemy drops";"Maelle (The Heart of the Canvas)";"DT_jRPG_Enemies#FinalBoss_Maelle";"Our Drafts Collide (Music Record)";"";"-1";"no";"no";"";"Enemy drop: enemy randomization moves the enemy, and drops have a chance";""
"Enemy drops";"The Paintress - Foot of the Monolith (The Monolith)";"DT_jRPG_Enemies#ML_PaintressIntro";"";"";"-1";"no";"no";"";"Enemy drop: enemy randomization moves the enemy, and drops have a chance";""
"Enemy drops";"Maelle - Prologue 4 (Lumiere - Act 1)";"DT_jRPG_Enemies#L_MaelleTutorial";"";"";"-1";"no";"no";"";"Enemy drop: enemy randomization moves the enemy, and drops have a chance";""
"Enemy drops";"Clair Clone (Cut Content)";"DT_jRPG_Enemies#MirrorRenoirCloneClaire";"";"";"-1";"no";"no";"";"Enemy drop: enemy randomization moves the enemy, and drops have a chance";""
"Enemy drops";"Benisseur (Sirene)";"DT_jRPG_Enemies#SI_Benisseur";"Powerful On Shell (Pictos)";"";"-1";"no";"no";"";"Enemy drop: enemy randomization moves the enemy, and drops have a chance";""
"Enemy drops";"Cruler - Jump Tutorial (Cut Content)";"DT_jRPG_Enemies#GO_Cruler_JumpTutorial";"";"";"-1";"no";"no";"";"Enemy drop: enemy randomization moves the enemy, and drops have a chance";""
"Enemy drops";"Mask Keeper (Cut Content)";"DT_jRPG_Enemies#MF_Axon_MaskKeeper_VisagesPhase2";"";"";"-1";"no";"no";"";"Enemy drop: enemy randomization moves the enemy, and drops have a chance";""
"Enemy drops";"Chorale (Sirene)";"DT_jRPG_Enemies#SI_Chorale";"Colim (Lune Weapon)";"";"-1";"no";"no";"";"Enemy drop: enemy randomization moves the enemy, and drops have a chance";""
"Enemy drops";"Painted Renoir (Old Lumiere)";"DT_jRPG_Enemies#OL_MirrorRenoir_FirstFight";"Melarum (Maelle Weapon)";"";"-1";"no";"no";"";"Enemy drop: enemy randomization moves the enemy, and drops have a chance";""
"Enemy drops";"Chalier - Gradient Counter Tutorial (Forgotten Battlefield)";"DT_jRPG_Enemies#FB_Chalier_GradientCounterTutorial";"";"";"-1";"no";"no";"";"Enemy drop: enemy randomization moves the enemy, and drops have a chance";""
"Enemy drops";"Sciel (Gestral Village)";"DT_jRPG_Enemies#GV_Sciel_Arena";"";"";"-1";"no";"no";"";"Enemy drop: enemy randomization moves the enemy, and drops have a chance";""
"Enemy drops";"Stalact - Gradient Attack Tutorial (Monoco's Station)";"DT_jRPG_Enemies#MM_Stalact_GradientAttackTutorial";"";"";"-1";"no";"no";"";"Enemy drop: enemy randomization moves the enemy, and drops have a chance";""
"Enemy drops";"White Benisseur (Red Woods)";"DT_jRPG_Enemies#QUEST_SleepingBenisseur";"Colour of Lumina (Upgrade Material)";"";"-1";"no";"no";"";"Enemy drop: enemy randomization moves the enemy, and drops have a chance";""
"Enemy drops";"White Hexga (Stone Wave Cliffs)";"DT_jRPG_Enemies#QUEST_HexgaLuster";"Colour of Lumina (Upgrade Material)";"";"-1";"no";"no";"";"Enemy drop: enemy randomization moves the enemy, and drops have a chance";""
"Enemy drops";"White Troubadour Dodge Trial (Stone Quarry)";"DT_jRPG_Enemies#QUEST_TroubadourCantPlay";"";"";"-1";"no";"no";"";"Enemy drop: enemy randomization moves the enemy, and drops have a chance";""
"Enemy drops";"Echassier (The Reacher)";"DT_jRPG_Enemies#RE_Echassier";"Sniper (Pictos)";"";"-1";"no";"no";"";"Enemy drop: enemy randomization moves the enemy, and drops have a chance";""
"Enemy drops";"Serpenphare (World Map)";"DT_jRPG_Enemies#WM_Serpenphare";"Energy Master (Pictos), Perfect Chroma Catalyst (Upgrade Material)";"";"-1";"no";"no";"";"Enemy drop: enemy randomization moves the enemy, and drops have a chance";""
"Enemy drops";"Grosse Tete (World Map)";"DT_jRPG_Enemies#MF_GrossTete";"Warming Up (Pictos)";"";"-1";"no";"no";"";"Enemy drop: enemy randomization moves the enemy, and drops have a chance";""
"Enemy drops";"Sprong (World Map)";"DT_jRPG_Enemies#WM_Sprong";"Cheater (Pictos)";"";"-1";"no";"no";"";"Enemy drop: enemy randomization moves the enemy, and drops have a chance";""
"Enemy drops";"Lampmaster (Stone Wave Cliffs)";"DT_jRPG_Enemies#SC_LampMaster";"At Death's Door (Pictos), Shape of Life (Upgrade Material)";"";"-1";"no";"no";"";"Enemy drop: enemy randomization moves the enemy, and drops have a chance";""
"Enemy drops";"Ono Puncho (Gestral Village)";"DT_jRPG_Enemies#Quest_GestralSumo9999";"";"";"-1";"no";"no";"";"Enemy drop: enemy randomization moves the enemy, and drops have a chance";""
"Enemy drops";"Blanche (The Fountain)";"DT_jRPG_Enemies#QUEST_JudgeOfMercy";"Colour of Lumina (Upgrade Material)";"";"-1";"no";"no";"";"Enemy drop: enemy randomization moves the enemy, and drops have a chance";""
"Enemy drops";"Golgra (Dark Gestral Arena)";"DT_jRPG_Enemies#QUEST_Golgra_DarkArena";"";"";"-1";"no";"no";"";"Enemy drop: enemy randomization moves the enemy, and drops have a chance";""
"Enemy drops";"Golgra (Sacred River)";"DT_jRPG_Enemies#QUEST_Golgra_SacredRiver";"";"";"-1";"no";"no";"";"Enemy drop: enemy randomization moves the enemy, and drops have a chance";""
"Enemy drops";"White Grown Bourgeon (The Small Bourgeon)";"DT_jRPG_Enemies#GO_Bourgeon_Quest";"Colour of Lumina (Upgrade Material)";"";"-1";"no";"no";"";"Enemy drop: enemy randomization moves the enemy, and drops have a chance";""
"Enemy drops";"Obscur (The Monolith)";"DT_jRPG_Enemies#ML_Obscur";"";"";"-1";"no";"no";"";"Enemy drop: enemy randomization moves the enemy, and drops have a chance";""
"Enemy drops";"Clair (The Monolith)";"DT_jRPG_Enemies#ML_Clair";"";"";"-1";"no";"no";"";"Enemy drop: enemy randomization moves the enemy, and drops have a chance";""
"Enemy drops";"Clair Obscur (The Monolith)";"DT_jRPG_Enemies#ML_ClairObscur";"Breaking Attack (Pictos), Dreameso (Verso Weapon)";"";"-1";"no";"no";"";"Enemy drop: enemy randomization moves the enemy, and drops have a chance";""
"Enemy drops";"Petank (Blue)";"DT_jRPG_Enemies#Petank_Blue";"";"";"-1";"no";"no";"";"Enemy drop: enemy randomization moves the enemy, and drops have a chance";""
"Enemy drops";"Petank (Green)";"DT_jRPG_Enemies#Petank_Green";"";"";"-1";"no";"no";"";"Enemy drop: enemy randomization moves the enemy, and drops have a chance";""
"Enemy drops";"Petank (Yellow)";"DT_jRPG_Enemies#Petank_Yellow";"";"";"-1";"no";"no";"";"Enemy drop: enemy randomization moves the enemy, and drops have a chance";""
"Enemy drops";"Petank (Orange)";"DT_jRPG_Enemies#Petank_Orange";"";"";"-1";"no";"no";"";"Enemy drop: enemy randomization moves the enemy, and drops have a chance";""
"Enemy drops";"Petank (Red)";"DT_jRPG_Enemies#Petank_Red";"";"";"-1";"no";"no";"";"Enemy drop: enemy randomization moves the enemy, and drops have a chance";""
"Enemy drops";"Petank (Violet)";"DT_jRPG_Enemies#Petank_Violet";"";"";"-1";"no";"no";"";"Enemy drop: enemy randomization moves the enemy, and drops have a chance";""
"Enemy drops";"Petank Parent (Cut Content)";"DT_jRPG_Enemies#Petank_Parent";"";"";"-1";"no";"no";"";"Enemy drop: enemy randomization moves the enemy, and drops have a chance";""
"Enemy drops";"Aberration (Lumiere - Act 3)";"DT_jRPG_Enemies#L_Aberration";"Shortcut (Pictos)";"";"-1";"no";"no";"";"Enemy drop: enemy randomization moves the enemy, and drops have a chance";""
"Enemy drops";"Creation (Lumiere - Act 3)";"DT_jRPG_Enemies#L_Creation";"Faster Than Strong (Pictos)";"";"-1";"no";"no";"";"Enemy drop: enemy randomization moves the enemy, and drops have a chance";""
"Enemy drops";"Ballet - Melee (Sirene)";"DT_jRPG_Enemies#SI_Ballet_Melee";"Ballaro (Monoco Weapon)";"";"-1";"no";"no";"";"Enemy drop: enemy randomization moves the enemy, and drops have a chance";""
"Enemy drops";"Rocher (Stone Wave Cliffs)";"DT_jRPG_Enemies#SC_Rocher";"";"";"-1";"no";"no";"";"Enemy drop: enemy randomization moves the enemy, and drops have a chance";""
"Enemy drops";"The Curator - Jump Tutorial (The Manor)";"DT_jRPG_Enemies#GO_Curator_JumpTutorial";"";"";"-1";"no";"no";"";"Enemy drop: enemy randomization moves the enemy, and drops have a chance";""
"Enemy drops";"Veilleur (The Reacher)";"DT_jRPG_Enemies#RE_Veilleur";"Kralim (Lune Weapon)";"";"-1";"no";"no";"";"Enemy drop: enemy randomization moves the enemy, and drops have a chance";""
"Enemy drops";"Noire (Dark Shores)";"DT_jRPG_Enemies#DS_Noire";"Corpeso (Verso Weapon)";"";"-1";"no";"no";"";"Enemy drop: enemy randomization moves the enemy, and drops have a chance";""
"Enemy drops";"Braseleur_NoFreeAim (Cut Content)";"DT_jRPG_Enemies#MM_Braseleur_NoFreeAim";"Braselim (Lune Weapon)";"";"-1";"no";"no";"";"Enemy drop: enemy randomization moves the enemy, and drops have a chance";""
"Enemy drops";"Glaise - Boss (Yellow Harvest)";"DT_jRPG_Enemies#YF_Glaise_Boss";"Energising Attack I (Pictos), Plenum (Maelle Weapon)";"";"-1";"no";"no";"";"Enemy drop: enemy randomization moves the enemy, and drops have a chance";""
"Enemy drops";"Robust Sakapatate (Endless Night Sanctuary)";"DT_jRPG_Enemies#TS_PotatoBag_Tank_Twilight";"Sakaram (Gustave Weapon)";"";"-1";"no";"no";"";"Enemy drop: enemy randomization moves the enemy, and drops have a chance";""
"Enemy drops";"Catapult Sakapatate (Endless Night Sanctuary)";"DT_jRPG_Enemies#TS_PotatoBag_Mage_Twilight";"Trebuchim (Lune Weapon)";"";"-1";"no";"no";"";"Enemy drop: enemy randomization moves the enemy, and drops have a chance";""
"Enemy drops";"Ranger Sakapatate (Endless Night Sanctuary)";"DT_jRPG_Enemies#TS_PotatoBag_Ranger_Twilight";"";"";"-1";"no";"no";"";"Enemy drop: enemy randomization moves the enemy, and drops have a chance";""
"Enemy drops";"Ultimate Sakapatate (Endless Night Sanctuary)";"DT_jRPG_Enemies#TS_PotatoBag_Boss_Twilight";"Joyaro (Monoco Weapon)";"";"-1";"no";"no";"";"Enemy drop: enemy randomization moves the enemy, and drops have a chance";""
"Enemy drops";"Dualliste (Flying Manor)";"DT_jRPG_Enemies#CFH_Dualliste";"Perfect Chroma Catalyst (Upgrade Material), Dualiso (Verso Weapon)";"";"-1";"no";"no";"";"Enemy drop: enemy randomization moves the enemy, and drops have a chance";""
"Enemy drops";"Lampmaster (Flying Manor)";"DT_jRPG_Enemies#CFH_LampMaster";"Perfect Chroma Catalyst (Upgrade Material), Joyaro (Monoco Weapon)";"";"-1";"no";"no";"";"Enemy drop: enemy randomization moves the enemy, and drops have a chance";""
"Enemy drops";"Goblu (Flying Manor)";"DT_jRPG_Enemies#CFH_Goblu";"Gobluson (Sciel Weapon)";"";"-1";"no";"no";"";"Enemy drop: enemy randomization moves the enemy, and drops have a chance";""
"Enemy drops";"Orphelin - Hammer Big (The Reacher)";"DT_jRPG_Enemies#RE_OrphelinHammer_Big";"";"";"-1";"no";"no";"";"Enemy drop: enemy randomization moves the enemy, and drops have a chance";""
"Enemy drops";"Orphelin - Spoon Big (The Reacher)";"DT_jRPG_Enemies#RE_OrphelinSpoon_Big";"";"";"-1";"no";"no";"";"Enemy drop: enemy randomization moves the enemy, and drops have a chance";""
"Enemy drops";"Orphelin - Nail Big (The Reacher)";"DT_jRPG_Enemies#RE_OrphelinNail_Big";"";"";"-1";"no";"no";"";"Enemy drop: enemy randomization moves the enemy, and drops have a chance";""
"Enemy drops";"Chromatic Creation (Renoir's Drafts)";"DT_jRPG_Enemies#RD_Creation_Alpha";"Perfect Chroma Catalyst (Upgrade Material)";"";"-1";"no";"no";"";"Enemy drop: enemy randomization moves the enemy, and drops have a chance";""
"Enemy drops";"Simon - Phase 1 (The Abyss)";"DT_jRPG_Enemies#Boss_Simon";"";"";"-1";"no";"no";"";"Enemy drop: enemy randomization moves the enemy, and drops have a chance";""
"Enemy drops";"White-haired Man (Stone Wave Cliffs)";"DT_jRPG_Enemies#SC_MirrorRenoir_GustaveEnd";"";"";"-1";"no";"no";"";"Enemy drop: enemy randomization moves the enemy, and drops have a chance";""
"Enemy drops";"Dancing Petals (Cut Content)";"DT_jRPG_Enemies#OL_MirrorRenoir_HealingSource";"";"";"-1";"no";"no";"";"Enemy drop: enemy randomization moves the enemy, and drops have a chance";""
"Enemy drops";"Mime (Cut Content)";"DT_jRPG_Enemies#Mime";"";"";"-1";"no";"no";"";"Enemy drop: enemy randomization moves the enemy, and drops have a chance";""
"Enemy drops";"Mask Keeper 1 (Cut Content)";"DT_jRPG_Enemies#CT_MaskKeeper_NoMask";"";"";"-1";"no";"no";"";"Enemy drop: enemy randomization moves the enemy, and drops have a chance";""
"Enemy drops";"Monoco (Camp)";"DT_jRPG_Enemies#QUEST_MonocoDuel";"";"";"-1";"no";"no";"";"Enemy drop: enemy randomization moves the enemy, and drops have a chance";""
"Enemy drops";"Francois - Esquie's Quest (Esquie's Nest)";"DT_jRPG_Enemies#QUEST_FrancoisDuel";"";"";"-1";"no";"no";"";"Enemy drop: enemy randomization moves the enemy, and drops have a chance";""
"Enemy drops";"Clea (Flying Manor)";"DT_jRPG_Enemies#CFH_Boss_Clea";"Clea's Life (Pictos), Perfect Chroma Catalyst (Upgrade Material)";"";"-1";"no";"no";"";"Enemy drop: enemy randomization moves the enemy, and drops have a chance";""
"Enemy drops";"Lampmaster (Painting Workshop)";"DT_jRPG_Enemies#CW_LampMasterAlpha";"At Death's Door (Pictos), Energising Attack I (Pictos)";"";"-1";"no";"no";"";"Enemy drop: enemy randomization moves the enemy, and drops have a chance";""
"Enemy drops";"Lancelier (The Monolith)";"DT_jRPG_Enemies#ML_Lancelier_Gold";"Lanceram (Gustave Weapon)";"";"-1";"no";"no";"";"Enemy drop: enemy randomization moves the enemy, and drops have a chance";""
"Enemy drops";"Portier (The Monolith)";"DT_jRPG_Enemies#ML_Portier_Gold";"";"";"-1";"no";"no";"";"Enemy drop: enemy randomization moves the enemy, and drops have a chance";""
"Enemy drops";"Abbest (The Monolith)";"DT_jRPG_Enemies#ML_Abbest_Gold";"";"";"-1";"no";"no";"";"Enemy drop: enemy randomization moves the enemy, and drops have a chance";""
"Enemy drops";"Volester (The Monolith)";"DT_jRPG_Enemies#ML_Volester_Gold";"";"";"-1";"no";"no";"";"Enemy drop: enemy randomization moves the enemy, and drops have a chance";""
"Enemy drops";"Eveque (The Monolith)";"DT_jRPG_Enemies#ML_Eveque_Gold";"Cleansing Tint (Pictos)";"";"-1";"no";"no";"";"Enemy drop: enemy randomization moves the enemy, and drops have a chance";""
"Enemy drops";"Demineur (The Monolith)";"DT_jRPG_Enemies#ML_Demineur_Gold";"";"";"-1";"no";"no";"";"Enemy drop: enemy randomization moves the enemy, and drops have a chance";""
"Enemy drops";"Bourgeon (Cut Content)";"DT_jRPG_Enemies#ML_Bourgeon_Gold";"Bourgeon Skin (Key Item), Augmented Counter I (Pictos)";"";"-1";"no";"no";"";"Enemy drop: enemy randomization moves the enemy, and drops have a chance";""
"Enemy drops";"Luster (The Monolith)";"DT_jRPG_Enemies#ML_Luster_Gold";"";"";"-1";"no";"no";"";"Enemy drop: enemy randomization moves the enemy, and drops have a chance";""
"Enemy drops";"Cruler (The Monolith)";"DT_jRPG_Enemies#ML_Cruler_Gold";"Cruleram (Gustave Weapon)";"";"-1";"no";"no";"";"Enemy drop: enemy randomization moves the enemy, and drops have a chance";""
"Enemy drops";"Bruler (The Monolith)";"DT_jRPG_Enemies#ML_Bruler_Gold";"Brulerum (Maelle Weapon)";"";"-1";"no";"no";"";"Enemy drop: enemy randomization moves the enemy, and drops have a chance";""
"Enemy drops";"Robust Sakapatate (The Monolith)";"DT_jRPG_Enemies#ML_PotatoBag_Tank_Gold";"Sakaram (Gustave Weapon)";"";"-1";"no";"no";"";"Enemy drop: enemy randomization moves the enemy, and drops have a chance";""
"Enemy drops";"Ranger Sakapatate (The Monolith)";"DT_jRPG_Enemies#ML_PotatoBag_Ranger_Gold";"";"";"-1";"no";"no";"";"Enemy drop: enemy randomization moves the enemy, and drops have a chance";""
"Enemy drops";"Catapult Sakapatate (The Monolith)";"DT_jRPG_Enemies#ML_PotatoBag_Mage_Gold";"Trebuchim (Lune Weapon)";"";"-1";"no";"no";"";"Enemy drop: enemy randomization moves the enemy, and drops have a chance";""
"Enemy drops";"Rocher (The Monolith)";"DT_jRPG_Enemies#ML_Rocher_Gold";"";"";"-1";"no";"no";"";"Enemy drop: enemy randomization moves the enemy, and drops have a chance";""
"Enemy drops";"Hexga (The Monolith)";"DT_jRPG_Enemies#ML_Hexga_Gold";"PlaceHolderItem (Pictos)";"";"-1";"no";"no";"";"Enemy drop: enemy randomization moves the enemy, and drops have a chance";""
"Enemy drops";"Reaper Cultist (The Monolith)";"DT_jRPG_Enemies#ML_CultistFlying_Gold";"Chation (Sciel Weapon)";"";"-1";"no";"no";"";"Enemy drop: enemy randomization moves the enemy, and drops have a chance";""
"Enemy drops";"Mage Cultist (Cut Content)";"DT_jRPG_Enemies#ML_CultistMage_Gold";"Duenum (Maelle Weapon)";"";"-1";"no";"no";"";"Enemy drop: enemy randomization moves the enemy, and drops have a chance";""
"Enemy drops";"Greatsword Cultist (The Monolith)";"DT_jRPG_Enemies#ML_CultistHeavy_Gold";"Energising Pain (Pictos)";"";"-1";"no";"no";"";"Enemy drop: enemy randomization moves the enemy, and drops have a chance";""
"Enemy drops";"Chalier - Sword (The Monolith)";"DT_jRPG_Enemies#ML_ChalierSword_Gold";"Longer Shell (Pictos)";"";"-1";"no";"no";"";"Enemy drop: enemy randomization moves the enemy, and drops have a chance";""
"Enemy drops";"Ramasseur (The Monolith)";"DT_jRPG_Enemies#ML_Ramasseur_Gold";"Ramasson (Sciel Weapon)";"";"-1";"no";"no";"";"Enemy drop: enemy randomization moves the enemy, and drops have a chance";""
"Enemy drops";"Troubadour (The Monolith)";"DT_jRPG_Enemies#ML_Troubadour_Gold";"Troubadim (Lune Weapon)";"";"-1";"no";"no";"";"Enemy drop: enemy randomization moves the enemy, and drops have a chance";""
"Enemy drops";"Danseuse (The Monolith)";"DT_jRPG_Enemies#ML_Danseuse_Gold";"";"";"-1";"no";"no";"";"Enemy drop: enemy randomization moves the enemy, and drops have a chance";""
"Enemy drops";"Danseuse Clone (The Monolith)";"DT_jRPG_Enemies#ML_Danseuse_Clone_Gold";"";"";"-1";"no";"no";"";"Enemy drop: enemy randomization moves the enemy, and drops have a chance";""
"Enemy drops";"Gargant (The Monolith)";"DT_jRPG_Enemies#ML_Gargant_Gold";"";"";"-1";"no";"no";"";"Enemy drop: enemy randomization moves the enemy, and drops have a chance";""
"Enemy drops";"Pelerin (The Monolith)";"DT_jRPG_Enemies#ML_Pelerin_Gold";"";"";"-1";"no";"no";"";"Enemy drop: enemy randomization moves the enemy, and drops have a chance";""
"Enemy drops";"Braseleur (The Monolith)";"DT_jRPG_Enemies#ML_Braseleur_Gold";"Braselim (Lune Weapon)";"";"-1";"no";"no";"";"Enemy drop: enemy randomization moves the enemy, and drops have a chance";""
"Enemy drops";"Stalact (The Monolith)";"DT_jRPG_Enemies#ML_Stalact_Gold";"Stalum (Maelle Weapon)";"";"-1";"no";"no";"";"Enemy drop: enemy randomization moves the enemy, and drops have a chance";""
"Enemy drops";"Lampmaster (Endless Tower)";"DT_jRPG_Enemies#SC_LampMaster_CleasTower";"";"";"-1";"no";"no";"";"Enemy drop: enemy randomization moves the enemy, and drops have a chance";""
"Enemy drops";"Chromatic Luster (Endless Tower)";"DT_jRPG_Enemies#GO_Luster_Alpha_CleasTower";"";"";"-1";"no";"no";"";"Enemy drop: enemy randomization moves the enemy, and drops have a chance";""
"Enemy drops";"Flame Eveque (Endless Tower)";"DT_jRPG_Enemies#SM_Boss_Eveque_Fire_ALPHA_CleaTower";"";"";"-1";"no";"no";"";"Enemy drop: enemy randomization moves the enemy, and drops have a chance";""
"Enemy drops";"Frost Eveque (Endless Tower)";"DT_jRPG_Enemies#SM_Boss_Eveque_Ice_ALPHA_CleaTower";"";"";"-1";"no";"no";"";"Enemy drop: enemy randomization moves the enemy, and drops have a chance";""
"Enemy drops";"Chromatic Chalier (Cut Content)";"DT_jRPG_Enemies#FB_ChalierSword_Alpha__CleaTower";"";"";"-1";"no";"no";"";"Enemy drop: enemy randomization moves the enemy, and drops have a chance";""
"Enemy drops";"Dualliste (Endless Tower)";"DT_jRPG_Enemies#FB_Dualliste_CleasTower";"";"";"-1";"no";"no";"";"Enemy drop: enemy randomization moves the enemy, and drops have a chance";""
"Enemy drops";"Mask Keeper 2 (Endless Tower)";"DT_jRPG_Enemies#CT_MaskKeeper_NoMask_CleaTwoer";"";"";"-1";"no";"no";"";"Enemy drop: enemy randomization moves the enemy, and drops have a chance";""
"Enemy drops";"Maelle - Prologue 3 (Lumiere - Act 1)";"DT_jRPG_Enemies#L_MaelleTutorial_NoTutorial";"";"";"-1";"no";"no";"";"Enemy drop: enemy randomization moves the enemy, and drops have a chance";""
"Enemy drops";"Mime_Bald (Sunless Cliffs)";"DT_jRPG_Enemies#WM_Mime_Bald";"The One (Pictos)";"";"-1";"no";"no";"";"Enemy drop: enemy randomization moves the enemy, and drops have a chance";""
"Enemy drops";"Golgra (Gestral Village)";"DT_jRPG_Enemies#GV_Golgra";"";"";"-1";"no";"no";"";"Enemy drop: enemy randomization moves the enemy, and drops have a chance";""
"Enemy drops";"Chromatic Clair Obscur (The Monolith)";"DT_jRPG_Enemies#MM_ClairObscurAlpha";"Combo Attack II (Pictos)";"";"-1";"no";"no";"";"Enemy drop: enemy randomization moves the enemy, and drops have a chance";""
"Enemy drops";"Chalier - Spear (The Monolith)";"DT_jRPG_Enemies#ML_ChalierSpear_Gold";"Longer Shell (Pictos)";"";"-1";"no";"no";"";"Enemy drop: enemy randomization moves the enemy, and drops have a chance";""
"Enemy drops";"Ultimate Sakapatate (The Monolith)";"DT_jRPG_Enemies#ML_PotatoBag_Boss_Gold";"";"";"-1";"no";"no";"";"Enemy drop: enemy randomization moves the enemy, and drops have a chance";""
"Enemy drops";"Ceramic Chevaliere (The Monolith)";"DT_jRPG_Enemies#ML_ChevaliereA_Gold";"";"";"-1";"no";"no";"";"Enemy drop: enemy randomization moves the enemy, and drops have a chance";""
"Enemy drops";"Steel Chevaliere (The Monolith)";"DT_jRPG_Enemies#ML_ChevaliereB_Gold";"";"";"-1";"no";"no";"";"Enemy drop: enemy randomization moves the enemy, and drops have a chance";""
"Enemy drops";"Gold Chevaliere (The Monolith)";"DT_jRPG_Enemies#ML_ChevaliereC_Gold";"Perilous Parry (Pictos)";"";"-1";"no";"no";"";"Enemy drop: enemy randomization moves the enemy, and drops have a chance";""
"Enemy drops";"Mime (Spring Meadows)";"DT_jRPG_Enemies#SM_Mime";"Baguette (Gustave Haircut), Baguette (Gustave Outfit)";"";"-1";"no";"no";"";"Enemy drop: enemy randomization moves the enemy, and drops have a chance";""
"Enemy drops";"Mime (Yellow Harvest)";"DT_jRPG_Enemies#YF_Mime";"Braid (Maelle Haircut)";"";"-1";"no";"no";"";"Enemy drop: enemy randomization moves the enemy, and drops have a chance";""
"Enemy drops";"Mime (Flying Waters)";"DT_jRPG_Enemies#GO_Mime";"Short (Maelle Haircut)";"";"-1";"no";"no";"";"Enemy drop: enemy randomization moves the enemy, and drops have a chance";""
"Enemy drops";"Mime (The Monolith)";"DT_jRPG_Enemies#ML_Mime";"Voluminous (Maelle Haircut)";"";"-1";"no";"no";"";"Enemy drop: enemy randomization moves the enemy, and drops have a chance";""
"Enemy drops";"Chromatic Glissando (Sirene's Dress)";"DT_jRPG_Enemies#SI_Glissando_Alpha";"Choralim (Lune Weapon)";"";"-1";"no";"no";"";"Enemy drop: enemy randomization moves the enemy, and drops have a chance";""
"Enemy drops";"Chromatic Echassier (Lumiere - Act 3)";"DT_jRPG_Enemies#LU_EchassierAlpha";"Augmented Counter III (Pictos)";"";"-1";"no";"no";"";"Enemy drop: enemy randomization moves the enemy, and drops have a chance";""
"Enemy drops";"Practice Balloon - Prologue (Lumiere - Act 1)";"DT_jRPG_Enemies#LU_Act1_PunchingBall";"";"";"-1";"no";"no";"";"Enemy drop: enemy randomization moves the enemy, and drops have a chance";""
"Enemy drops";"Sophie (Lumiere - Act 1)";"DT_jRPG_Enemies#LU_Act1_Sophie";"";"";"-1";"no";"no";"";"Enemy drop: enemy randomization moves the enemy, and drops have a chance";""
"Enemy drops";"Mime (Lumiere - Act 1)";"DT_jRPG_Enemies#LU_Act1_Mime";"";"";"-1";"no";"no";"";"Enemy drop: enemy randomization moves the enemy, and drops have a chance";""
"Enemy drops";"Maelle - Prologue 1 (Lumiere - Act 1)";"DT_jRPG_Enemies#L_MaelleTutorial_NoTutorial_Civilian";"";"";"-1";"no";"no";"";"Enemy drop: enemy randomization moves the enemy, and drops have a chance";""
"Enemy drops";"Maelle - Prologue 2 (Lumiere - Act 1)";"DT_jRPG_Enemies#L_MaelleTutorial_Civilian";"";"";"-1";"no";"no";"";"Enemy drop: enemy randomization moves the enemy, and drops have a chance";""
"Enemy drops";"Lancelier - Free Aim Tutorial 2 (Spring Meadows)";"DT_jRPG_Enemies#SM_FirstLancelier_NoTuto";"";"";"-1";"no";"no";"";"Enemy drop: enemy randomization moves the enemy, and drops have a chance";""
"Enemy drops";"Eveque - Shield Tutorial (Spring Meadows)";"DT_jRPG_Enemies#SM_Boss_Eveque_ShieldTutorial";"Cleansing Tint (Pictos)";"";"-1";"no";"no";"";"Enemy drop: enemy randomization moves the enemy, and drops have a chance";""
"Enemy drops";"Portier - Lune Tutorial 2 (Spring Meadows)";"DT_jRPG_Enemies#SM_First_Portier_NoTuto";"Dodger (Pictos)";"";"-1";"no";"no";"";"Enemy drop: enemy randomization moves the enemy, and drops have a chance";""
"Enemy drops";"Chalier - Gradient Counter Tutorial 2 (Cut Content)";"DT_jRPG_Enemies#FB_Chalier_GradientCounterTutorial_Notuto";"";"";"-1";"no";"no";"";"Enemy drop: enemy randomization moves the enemy, and drops have a chance";""
"Enemy drops";"The Curator - Jump Tutorial 2 (The Manor)";"DT_jRPG_Enemies#GO_Curator_JumpTutorial_NoTuto";"";"";"-1";"no";"no";"";"Enemy drop: enemy randomization moves the enemy, and drops have a chance";""
"Enemy drops";"Volester - Tutorial (Spring Meadows)";"DT_jRPG_Enemies#SM_Volester_TutoFlying";"";"";"-1";"no";"no";"";"Enemy drop: enemy randomization moves the enemy, and drops have a chance";""
"Enemy drops";"Dominique Giant Feet - Sciel's Tutorial (Gestral Village)";"DT_jRPG_Enemies#GV_GestralScielTuto";"";"";"-1";"no";"no";"";"Enemy drop: enemy randomization moves the enemy, and drops have a chance";""
"Enemy drops";"Pelerin - Monoco's Tutorial (Monoco's Station)";"DT_jRPG_Enemies#MM_Pelerin_MonocoTuto";"";"";"-1";"no";"no";"";"Enemy drop: enemy randomization moves the enemy, and drops have a chance";""
"Enemy drops";"Simon - Phase 2 (The Abyss)";"DT_jRPG_Enemies#Boss_Simon_Phase2";"";"";"-1";"no";"no";"";"Enemy drop: enemy randomization moves the enemy, and drops have a chance";""
"Enemy drops";"Mime (Esquie's Nest)";"DT_jRPG_Enemies#EN_Mime";"Baguette (Sciel Haircut), Baguette (Sciel Outfit)";"";"-1";"no";"no";"";"Enemy drop: enemy randomization moves the enemy, and drops have a chance";""
"Enemy drops";"Dark Ballet (Cut Content)";"DT_jRPG_Enemies#SI_DarkBallet";"Ballaro (Monoco Weapon)";"";"-1";"no";"no";"";"Enemy drop: enemy randomization moves the enemy, and drops have a chance";""
"Enemy drops";"Painted Love - Curator (Endless Tower)";"DT_jRPG_Enemies#CT_Boss_Curator_CleaTower";"";"";"-1";"no";"no";"";"Enemy drop: enemy randomization moves the enemy, and drops have a chance";""
"Enemy drops";"Painted Love - Paintress (Endless Tower)";"DT_jRPG_Enemies#CT_Boss_Paintress_CleaTower";"";"";"-1";"no";"no";"";"Enemy drop: enemy randomization moves the enemy, and drops have a chance";""
"Enemy drops";"Chromatic Petank (World Map)";"DT_jRPG_Enemies#WM_Petank_Alpha";"Anti-Stun (Pictos)";"";"-1";"no";"no";"";"Enemy drop: enemy randomization moves the enemy, and drops have a chance";""
"Enemy drops";"Petank - Chromatic Summon (Summon)";"DT_jRPG_Enemies#WM_PetankAlphaSummon_Blue";"";"";"-1";"no";"no";"";"Enemy drop: enemy randomization moves the enemy, and drops have a chance";""
"Enemy drops";"Petank - Chromatic Summon (Summon)";"DT_jRPG_Enemies#WM_PetankAlphaSummon_Green";"";"";"-1";"no";"no";"";"Enemy drop: enemy randomization moves the enemy, and drops have a chance";""
"Enemy drops";"Petank - Chromatic Summon (Summon)";"DT_jRPG_Enemies#WM_PetankAlphaSummon_Red";"";"";"-1";"no";"no";"";"Enemy drop: enemy randomization moves the enemy, and drops have a chance";""
"Enemy drops";"Petank - Chromatic Summon (Summon)";"DT_jRPG_Enemies#WM_PetankAlphaSummon_Violet";"";"";"-1";"no";"no";"";"Enemy drop: enemy randomization moves the enemy, and drops have a chance";""
"Enemy drops";"Petank - Chromatic Summon (Summon)";"DT_jRPG_Enemies#WM_PetankAlphaSummon_Yellow";"";"";"-1";"no";"no";"";"Enemy drop: enemy randomization moves the enemy, and drops have a chance";""
"Enemy drops";"While Rocher (Stone Wave Cliffs)";"DT_jRPG_Enemies#QUEST_Rocher_HexgaQuest";"Rock Crystal (Key Item)";"";"-1";"no";"no";"";"Enemy drop: enemy randomization moves the enemy, and drops have a chance";""
"Enemy drops";"Chromatic Hexga (Stone Wave Cliffs Cave)";"DT_jRPG_Enemies#SC_Hexga_Alpha";"Energising Revive (Pictos), Confident (Pictos)";"";"-1";"no";"no";"";"Enemy drop: enemy randomization moves the enemy, and drops have a chance";""
"Enemy drops";"Mime (Sirene)";"DT_jRPG_Enemies#SI_Mime";"Sirene (Lune Haircut)";"";"-1";"no";"no";"";"Enemy drop: enemy randomization moves the enemy, and drops have a chance";""
"Enemy drops";"Mime (Visages)";"DT_jRPG_Enemies#MF_Mime";"Baguette (Verso Haircut), Baguette (Verso Outfit)";"";"-1";"no";"no";"";"Enemy drop: enemy randomization moves the enemy, and drops have a chance";""
"Enemy drops";"Mime 1 (World Map)";"DT_jRPG_Enemies#WM_Mime_01";"Voluminous (Lune Haircut)";"";"-1";"no";"no";"";"Enemy drop: enemy randomization moves the enemy, and drops have a chance";""
"Enemy drops";"Mime 2 (World Map)";"DT_jRPG_Enemies#WM_Mime_02";"Voluminous (Sciel Haircut)";"";"-1";"no";"no";"";"Enemy drop: enemy randomization moves the enemy, and drops have a chance";""
"Enemy drops";"Mime (Ancient Sanctuary)";"DT_jRPG_Enemies#AS_Mime";"Baguette (Lune Haircut), Baguette (Lune Outfit)";"";"-1";"no";"no";"";"Enemy drop: enemy randomization moves the enemy, and drops have a chance";""
"Enemy drops";"Chromatic Aberration (Endless Tower)";"DT_jRPG_Enemies#L_Aberration_Alpha";"Longer Burn (Pictos), Brumaro (Monoco Weapon)";"";"-1";"no";"no";"";"Enemy drop: enemy randomization moves the enemy, and drops have a chance";""
"Enemy drops";"Practice Balloon - Camp (Cut Content)";"DT_jRPG_Enemies#CAMP_PunchingBall";"";"";"-1";"no";"no";"";"Enemy drop: enemy randomization moves the enemy, and drops have a chance";""
"Enemy drops";"Lancelier (Summon)";"DT_jRPG_Enemies#PETANK_Lancelier_Summon";"";"";"-1";"no";"no";"";"Enemy drop: enemy randomization moves the enemy, and drops have a chance";""
"Enemy drops";"Luster (Summon)";"DT_jRPG_Enemies#PETANK_Luster_Summon";"";"";"-1";"no";"no";"";"Enemy drop: enemy randomization moves the enemy, and drops have a chance";""
"Enemy drops";"Gault (Summon)";"DT_jRPG_Enemies#PETANK_GaultA_Summon";"";"";"-1";"no";"no";"";"Enemy drop: enemy randomization moves the enemy, and drops have a chance";""
"Enemy drops";"Chromatic Ballet - Charm (Falling Leaves)";"DT_jRPG_Enemies#SI_Ballet_ALPHA_Charm";"Blizzon (Sciel Weapon)";"";"-1";"no";"no";"";"Enemy drop: enemy randomization moves the enemy, and drops have a chance";""
"Enemy drops";"Chromatic Ballet - Range (Falling Leaves)";"DT_jRPG_Enemies#SI_Ballet_ALPHA_Range";"";"";"-1";"no";"no";"";"Enemy drop: enemy randomization moves the enemy, and drops have a chance";""
"Enemy drops";"Chromatic Ballet - Melee (Falling Leaves)";"DT_jRPG_Enemies#SI_Ballet_ALPHA_Melee";"";"";"-1";"no";"no";"";"Enemy drop: enemy randomization moves the enemy, and drops have a chance";""
"Enemy drops";"Chromatic Veilleur (Frozen Hearts)";"DT_jRPG_Enemies#RE_Veilleur_Alpha";"Energising Burn (Pictos)";"";"-1";"no";"no";"";"Enemy drop: enemy randomization moves the enemy, and drops have a chance";""
"Enemy drops";"Chromatic Orphelin - Hammer (Yellow Harvest)";"DT_jRPG_Enemies#RE_OrphelinHammer_Alpha";"Kralim (Lune Weapon)";"";"-1";"no";"no";"";"Enemy drop: enemy randomization moves the enemy, and drops have a chance";""
"Enemy drops";"Chromatic Orphelin - Spoon (Yellow Harvest)";"DT_jRPG_Enemies#RE_OrphelinSpoon_Alpha";"";"";"-1";"no";"no";"";"Enemy drop: enemy randomization moves the enemy, and drops have a chance";""
"Enemy drops";"Chromatic Orphelin - Nail (Yellow Harvest)";"DT_jRPG_Enemies#RE_OrphelinNail_Alpha";"";"";"-1";"no";"no";"";"Enemy drop: enemy randomization moves the enemy, and drops have a chance";""
"Enemy drops";"Chromatic Contorsionniste (Cut Content)";"DT_jRPG_Enemies#MF_Contorsionniste_Alpha";"Contorso (Verso Weapon)";"";"-1";"no";"no";"";"Enemy drop: enemy randomization moves the enemy, and drops have a chance";""
"Enemy drops";"Mime (Flying Manor)";"DT_jRPG_Enemies#CFH_Mime";"Clea (Maelle Haircut)";"";"-1";"no";"no";"";"Enemy drop: enemy randomization moves the enemy, and drops have a chance";""
"Enemy drops";"Mime (Frozen Hearts)";"DT_jRPG_Enemies#MM_Mime";"Short (Lune Haircut)";"";"-1";"no";"no";"";"Enemy drop: enemy randomization moves the enemy, and drops have a chance";""
"Enemy drops";"Mime (Old Lumiere)";"DT_jRPG_Enemies#OL_Mime";"Braid (Sciel Haircut)";"";"-1";"no";"no";"";"Enemy drop: enemy randomization moves the enemy, and drops have a chance";""
"Enemy drops";"Mime (The Reacher)";"DT_jRPG_Enemies#RE_Mime";"Baguette (Maelle Haircut), Baguette (Maelle Outfit)";"";"-1";"no";"no";"";"Enemy drop: enemy randomization moves the enemy, and drops have a chance";""
"Enemy drops";"Ultimate Sakapatate - Karatom Quest (Gestral Village)";"DT_jRPG_Enemies#AS_PotatoBag_Boss_Quest";"Breaker (Pictos)";"";"-1";"no";"no";"";"Enemy drop: enemy randomization moves the enemy, and drops have a chance";""
"Enemy drops";"Cruler (Coastal Cave)";"DT_jRPG_Enemies#CC_Cruler";"";"";"-1";"no";"no";"";"Enemy drop: enemy randomization moves the enemy, and drops have a chance";""
"Enemy drops";"Bruler (Coastal Cave)";"DT_jRPG_Enemies#CC_Bruler";"";"";"-1";"no";"no";"";"Enemy drop: enemy randomization moves the enemy, and drops have a chance";""
"Enemy drops";"White Chalier - Sword (Flying Cemetery)";"DT_jRPG_Enemies#FC_ChalierSword";"Longer Shell (Pictos)";"";"-1";"no";"no";"";"Enemy drop: enemy randomization moves the enemy, and drops have a chance";""
"Enemy drops";"White Chalier - Hammer (Flying Cemetery)";"DT_jRPG_Enemies#FC_ChalierHammer";"Longer Shell (Pictos)";"";"-1";"no";"no";"";"Enemy drop: enemy randomization moves the enemy, and drops have a chance";""
"Enemy drops";"White Chalier - Spear (Flying Cemetery)";"DT_jRPG_Enemies#FC_ChalierSpear";"Longer Shell (Pictos)";"";"-1";"no";"no";"";"Enemy drop: enemy randomization moves the enemy, and drops have a chance";""
"Enemy drops";"Anthonypo (Endless Night Sanctuary)";"DT_jRPG_Enemies#Merchant_TwilightSanctuary";"Merchant_TwilightSanctuary (Merchant Unlock)";"";"-1";"no";"no";"";"Enemy drop: enemy randomization moves the enemy, and drops have a chance";""
"Enemy drops";"Glaise (The Chosen Path)";"DT_jRPG_Enemies#CP_Glaise";"Glaisum (Maelle Weapon)";"";"-1";"no";"no";"";"Enemy drop: enemy randomization moves the enemy, and drops have a chance";""
"Enemy drops";"Stalact (The Chosen Path)";"DT_jRPG_Enemies#CP_Stalact";"Stalum (Maelle Weapon)";"";"-1";"no";"no";"";"Enemy drop: enemy randomization moves the enemy, and drops have a chance";""
"Enemy drops";"Benisseur (The Chosen Path)";"DT_jRPG_Enemies#CP_Benisseur";"";"";"-1";"no";"no";"";"Enemy drop: enemy randomization moves the enemy, and drops have a chance";""
"Enemy drops";"Jar (The Chosen Path)";"DT_jRPG_Enemies#CP_Jar";"";"";"-1";"no";"no";"";"Enemy drop: enemy randomization moves the enemy, and drops have a chance";""
"Enemy drops";"Contorsionniste (The Chosen Path)";"DT_jRPG_Enemies#CP_Contorsionniste";"Contorso (Verso Weapon)";"";"-1";"no";"no";"";"Enemy drop: enemy randomization moves the enemy, and drops have a chance";""
"Enemy drops";"Contorsionniste (Renoir's Drafts)";"DT_jRPG_Enemies#RD_Contorsionniste";"Contorso (Verso Weapon), Colour of Lumina (Upgrade Material)";"";"-1";"no";"no";"";"Enemy drop: enemy randomization moves the enemy, and drops have a chance";""
"Enemy drops";"Aberration (Renoir's Drafts)";"DT_jRPG_Enemies#RD_Aberration";"Colour of Lumina (Upgrade Material), Shortcut (Pictos)";"";"-1";"no";"no";"";"Enemy drop: enemy randomization moves the enemy, and drops have a chance";""
"Enemy drops";"Ballet (Renoir's Drafts)";"DT_jRPG_Enemies#RD_Ballet";"Ballaro (Monoco Weapon), Colour of Lumina (Upgrade Material)";"";"-1";"no";"no";"";"Enemy drop: enemy randomization moves the enemy, and drops have a chance";""
"Enemy drops";"Benisseur (Renoir's Drafts)";"DT_jRPG_Enemies#RD_Benisseur";"Colour of Lumina (Upgrade Material)";"";"-1";"no";"no";"";"Enemy drop: enemy randomization moves the enemy, and drops have a chance";""
"Enemy drops";"Chapelier (Renoir's Drafts)";"DT_jRPG_Enemies#RD_Chapelier";"Colour of Lumina (Upgrade Material)";"";"-1";"no";"no";"";"Enemy drop: enemy randomization moves the enemy, and drops have a chance";""
"Enemy drops";"Moissonneuse (Renoir's Drafts)";"DT_jRPG_Enemies#RD_Moissonneuse";"Colour of Lumina (Upgrade Material)";"";"-1";"no";"no";"";"Enemy drop: enemy randomization moves the enemy, and drops have a chance";""
"Enemy drops";"Orphelin - Hammer (Renoir's Drafts)";"DT_jRPG_Enemies#RD_OrphelinHammer";"Colour of Lumina (Upgrade Material)";"";"-1";"no";"no";"";"Enemy drop: enemy randomization moves the enemy, and drops have a chance";""
"Enemy drops";"Orphelin - Spoon (Renoir's Drafts)";"DT_jRPG_Enemies#RD_OrphelinSpoon";"Colour of Lumina (Upgrade Material)";"";"-1";"no";"no";"";"Enemy drop: enemy randomization moves the enemy, and drops have a chance";""
"Enemy drops";"Boucheclier (Renoir's Drafts)";"DT_jRPG_Enemies#RD_Boucheclier";"Colour of Lumina (Upgrade Material)";"";"-1";"no";"no";"";"Enemy drop: enemy randomization moves the enemy, and drops have a chance";""
"Enemy drops";"Creation (Renoir's Drafts)";"DT_jRPG_Enemies#RD_Creation";"Second Chance (Pictos), Colour of Lumina (Upgrade Material)";"";"-1";"no";"no";"";"Enemy drop: enemy randomization moves the enemy, and drops have a chance";""
"Enemy drops";"Echassier (Renoir's Drafts)";"DT_jRPG_Enemies#RD_Echassier";"Colour of Lumina (Upgrade Material), Sniper (Pictos)";"";"-1";"no";"no";"";"Enemy drop: enemy randomization moves the enemy, and drops have a chance";""
"Enemy drops";"Frost Eveque (Flying Manor)";"DT_jRPG_Enemies#CFH_Boss_Eveque_Ice_ALPHA";"";"";"-1";"no";"no";"";"Enemy drop: enemy randomization moves the enemy, and drops have a chance";""
"Enemy drops";"Thunder Eveque (Flying Manor)";"DT_jRPG_Enemies#CFH_Boss_Eveque_Lightning_ALPHA";"";"";"-1";"no";"no";"";"Enemy drop: enemy randomization moves the enemy, and drops have a chance";""
"Enemy drops";"Flame Eveque (Flying Manor)";"DT_jRPG_Enemies#CFH_Boss_Eveque_Fire_ALPHA";"Perfect Chroma Catalyst (Upgrade Material), Kralim (Lune Weapon)";"";"-1";"no";"no";"";"Enemy drop: enemy randomization moves the enemy, and drops have a chance";""
"Enemy drops";"Veilleur (Renoir's Drafts)";"DT_jRPG_Enemies#RD_Veilleur";"Kralim (Lune Weapon), Colour of Lumina (Upgrade Material)";"";"-1";"no";"no";"";"Enemy drop: enemy randomization moves the enemy, and drops have a chance";""
"Enemy drops";"Gargant (Flying Manor)";"DT_jRPG_Enemies#CFH_Gargant";"Anti-Burn (Pictos), Snowim (Lune Weapon)";"";"-1";"no";"no";"";"Enemy drop: enemy randomization moves the enemy, and drops have a chance";""
"Enemy drops";"White Troubadour Fight (Stone Quarry)";"DT_jRPG_Enemies#QUEST_TroubadourCantPlay_Kill";"";"";"-1";"no";"no";"";"Enemy drop: enemy randomization moves the enemy, and drops have a chance";""
"Enemy drops";"Danseuse Teacher Fight (Frozen Hearts)";"DT_jRPG_Enemies#QUEST_Danseuse_DanceClass_Kill";"";"";"-1";"no";"no";"";"Enemy drop: enemy randomization moves the enemy, and drops have a chance";""
"Enemy drops";"Danseuse - Teacher Clone (Frozen Hearts)";"DT_jRPG_Enemies#QUEST_Danseuse_DanceClass_Clone";"";"";"-1";"no";"no";"";"Enemy drop: enemy randomization moves the enemy, and drops have a chance";""
"Enemy drops";"Goblu (Endless Tower)";"DT_jRPG_Enemies#GO_Goblu_CleaTower";"Shape of Health (Upgrade Material), Polished Chroma Catalyst (Upgrade Material)";"";"-1";"no";"no";"";"Enemy drop: enemy randomization moves the enemy, and drops have a chance";""
"Enemy drops";"Gestral Minion (Sacred River)";"DT_jRPG_Enemies#Merchant_GestralVillage3_Minions";"";"";"-1";"no";"no";"";"Enemy drop: enemy randomization moves the enemy, and drops have a chance";""
"Enemy drops";"Grosse Tete (Flying Manor)";"DT_jRPG_Enemies#CFH_GrossTete";"";"";"-1";"no";"no";"";"Enemy drop: enemy randomization moves the enemy, and drops have a chance";""
"Enemy drops";"Chromatic Simon (Cut Content)";"DT_jRPG_Enemies#Boss_Simon_ALPHA";"";"";"-1";"no";"no";"";"Enemy drop: enemy randomization moves the enemy, and drops have a chance";""
"Enemy drops";"Chromatic bosses drops table entry for levels 1-9";"DT_LootTable_UpgradeItems_Alpha#Section_1-9";"Chroma Catalyst (Upgrade Material)";"";"-1";"no";"no";"";"Shared level-scaled loot table, not a location";""
"Enemy drops";"Chromatic bosses drops table entry for levels 10-29";"DT_LootTable_UpgradeItems_Alpha#Section_10-29";"Polished Chroma Catalyst (Upgrade Material)";"";"-1";"no";"no";"";"Shared level-scaled loot table, not a location";""
"Enemy drops";"Chromatic bosses drops table entry for levels 30-59";"DT_LootTable_UpgradeItems_Alpha#Section_30-59";"Resplendent Chroma Catalyst (Upgrade Material)";"";"-1";"no";"no";"";"Shared level-scaled loot table, not a location";""
"Enemy drops";"Chromatic bosses drops table entry for levels 60-300";"DT_LootTable_UpgradeItems_Alpha#Section_60-300";"Grandiose Chroma Catalyst (Upgrade Material)";"";"-1";"no";"no";"";"Shared level-scaled loot table, not a location";""
"Enemy drops";"Chromatic bosses drops table entry for levels 1-300";"DT_LootTable_UpgradeItems_Alpha#Section_1-300_Lumina";"Colour of Lumina (Upgrade Material)";"";"-1";"no";"no";"";"Shared level-scaled loot table, not a location";""
"Enemy drops";"Chromatic bosses drops table entry for levels 100-300";"DT_LootTable_UpgradeItems_Alpha#Section_100-300_WeaponUpgradeLevel5";"Perfect Chroma Catalyst (Upgrade Material)";"";"-1";"no";"no";"";"Shared level-scaled loot table, not a location";""
"Enemy drops";"Mini-bosses drops table entry for levels 1-9";"DT_LootTable_UpgradeItems_Elite#Section_1-9";"Chroma Catalyst (Upgrade Material)";"";"-1";"no";"no";"";"Shared level-scaled loot table, not a location";""
"Enemy drops";"Mini-bosses drops table entry for levels 10-29";"DT_LootTable_UpgradeItems_Elite#Section_10-29";"Polished Chroma Catalyst (Upgrade Material)";"";"-1";"no";"no";"";"Shared level-scaled loot table, not a location";""
"Enemy drops";"Mini-bosses drops table entry for levels 30-59";"DT_LootTable_UpgradeItems_Elite#Section_30-59";"Resplendent Chroma Catalyst (Upgrade Material)";"";"-1";"no";"no";"";"Shared level-scaled loot table, not a location";""
"Enemy drops";"Mini-bosses drops table entry for levels 60-300";"DT_LootTable_UpgradeItems_Elite#Section_60-300";"Grandiose Chroma Catalyst (Upgrade Material)";"";"-1";"no";"no";"";"Shared level-scaled loot table, not a location";""
"Enemy drops";"Mini-bosses drops table entry for Recoat";"DT_LootTable_UpgradeItems_Elite#Consumable_Respec";"Recoat (Upgrade Material)";"";"-1";"no";"no";"";"Shared level-scaled loot table, not a location";""
"Enemy drops";"Mini-bosses drops table entry for levels 100-300";"DT_LootTable_UpgradeItems_Elite#Section_100-300_WeaponUpgradeLvl5";"Perfect Chroma Catalyst (Upgrade Material)";"";"-1";"no";"no";"";"Shared level-scaled loot table, not a location";""
"Map pickups";"Chroma catalysts table entry for levels 1-9";"DT_LootTable_UpgradeItems_Exploration#Section_1-9";"Chroma Catalyst (Upgrade Material)";"";"-1";"no";"no";"";"Shared level-scaled loot table, not a location";""
"Map pickups";"Chroma catalysts table entry for levels 10-29";"DT_LootTable_UpgradeItems_Exploration#Section_10-29";"Polished Chroma Catalyst (Upgrade Material)";"";"-1";"no";"no";"";"Shared level-scaled loot table, not a location";""
"Map pickups";"Chroma catalysts table entry for levels 30-59";"DT_LootTable_UpgradeItems_Exploration#Section_30-59";"Resplendent Chroma Catalyst (Upgrade Material)";"";"-1";"no";"no";"";"Shared level-scaled loot table, not a location";""
"Map pickups";"Chroma catalysts table entry for levels 60-300";"DT_LootTable_UpgradeItems_Exploration#Section_60-300";"Grandiose Chroma Catalyst (Upgrade Material)";"";"-1";"no";"no";"";"Shared level-scaled loot table, not a location";""
"Enemy drops";"Petank drops table entry for levels 1-9";"DT_LootTable_UpgradeItems_Petank#Section_1-9";"Chroma Catalyst (Upgrade Material)";"";"-1";"no";"no";"";"Shared level-scaled loot table, not a location";""
"Enemy drops";"Petank drops table entry for levels 10-29";"DT_LootTable_UpgradeItems_Petank#Section_10-29";"Polished Chroma Catalyst (Upgrade Material)";"";"-1";"no";"no";"";"Shared level-scaled loot table, not a location";""
"Enemy drops";"Petank drops table entry for levels 30-59";"DT_LootTable_UpgradeItems_Petank#Section_30-59";"Resplendent Chroma Catalyst (Upgrade Material)";"";"-1";"no";"no";"";"Shared level-scaled loot table, not a location";""
"Enemy drops";"Petank drops table entry for levels 60-300";"DT_LootTable_UpgradeItems_Petank#Section_60-300";"Grandiose Chroma Catalyst (Upgrade Material)";"";"-1";"no";"no";"";"Shared level-scaled loot table, not a location";""
"Enemy drops";"Petank drops table entry for levels 1-300";"DT_LootTable_UpgradeItems_Petank#Section_1-300_Lumina";"Recoat (Upgrade Material)";"";"-1";"no";"no";"";"Shared level-scaled loot table, not a location";""
"Enemy drops";"Petank drops table entry for levels 1-300";"DT_LootTable_UpgradeItems_Petank#Section_1-300_Respec";"Colour of Lumina (Upgrade Material)";"";"-1";"no";"no";"";"Shared level-scaled loot table, not a location";""
"Enemy drops";"Petank drops table entry for levels 100-300";"DT_LootTable_UpgradeItems_Petank#Section_100-300_WeaponUpgradeLevel5";"Perfect Chroma Catalyst (Upgrade Material)";"";"-1";"no";"no";"";"Shared level-scaled loot table, not a location";""
"Enemy drops";"Regular enemy drops table entry for levels 1-9";"DT_LootTable_UpgradeItems_Regular#Section_1-9";"Chroma Catalyst (Upgrade Material), Chroma Catalyst (Upgrade Material)";"";"-1";"no";"no";"";"Shared level-scaled loot table, not a location";""
"Enemy drops";"Regular enemy drops table entry for levels 10-29";"DT_LootTable_UpgradeItems_Regular#Section_10-29";"Chroma Catalyst (Upgrade Material), Polished Chroma Catalyst (Upgrade Material), Polished Chroma Catalyst (Upgrade Material)";"";"-1";"no";"no";"";"Shared level-scaled loot table, not a location";""
"Enemy drops";"Regular enemy drops table entry for levels 30-59";"DT_LootTable_UpgradeItems_Regular#Section_30-59";"Chroma Catalyst (Upgrade Material), Polished Chroma Catalyst (Upgrade Material), Resplendent Chroma Catalyst (Upgrade Material), Resplendent Chroma Catalyst (Upgrade Material)";"";"-1";"no";"no";"";"Shared level-scaled loot table, not a location";""
"Enemy drops";"Regular enemy drops table entry for levels 60-300";"DT_LootTable_UpgradeItems_Regular#Section_60-300";"Chroma Catalyst (Upgrade Material), Polished Chroma Catalyst (Upgrade Material), Resplendent Chroma Catalyst (Upgrade Material), Grandiose Chroma Catalyst (Upgrade Material), Grandiose Chroma Catalyst (Upgrade Material)";"";"-1";"no";"no";"";"Shared level-scaled loot table, not a location";""
"Enemy drops";"Regular enemy drops table entry for Recoat";"DT_LootTable_UpgradeItems_Regular#Consumable_Respec";"Recoat (Upgrade Material)";"";"-1";"no";"no";"";"Shared level-scaled loot table, not a location";""
"Enemy drops";"Regular enemy drops table entry for Perfect Chroma Catalyst";"DT_LootTable_UpgradeItems_Regular#WeaponUpgradeLvl5";"Perfect Chroma Catalyst (Upgrade Material)";"";"-1";"no";"no";"";"Shared level-scaled loot table, not a location";""
"Dialogue rewards";"Lumiere Act I NG+: Boulangerie: Baguette (Sciel Weapon)";"BP_Dialogue_Boulangerie#DebugSciel";"Baguette (Sciel Weapon)";"Lumiere - Act 1";"0";"yes";"no";"FestivalToken";"New Game+ only";"high"
"Dialogue rewards";"Lumiere Act I NG+: Boulangerie: Baguette (Lune Weapon)";"BP_Dialogue_Boulangerie#DebugLune";"Baguette (Lune Weapon)";"Lumiere - Act 1";"0";"yes";"no";"FestivalToken";"New Game+ only";"high"
"Dialogue rewards";"Lumiere Act I NG+: Boulangerie: Baguette (Gustave Weapon)";"BP_Dialogue_Boulangerie#DebugVerso";"Baguette (Gustave Weapon)";"Lumiere - Act 1";"0";"yes";"no";"FestivalToken";"New Game+ only";"high"
"Dialogue rewards";"Lumiere Act I NG+: Boulangerie: Baguette (Gustave Weapon)";"BP_Dialogue_Boulangerie#DebugVerso_3";"Baguette (Gustave Weapon)";"Lumiere - Act 1";"0";"yes";"no";"FestivalToken";"New Game+ only";"high"
"Dialogue rewards";"Lumiere Act I NG+: Boulangerie: Baguette (Maelle Weapon)";"BP_Dialogue_Boulangerie#DebugMaelle";"Baguette (Maelle Weapon)";"Lumiere - Act 1";"0";"yes";"no";"FestivalToken";"New Game+ only";"high"
"Dialogue rewards";"Lumiere Act I NG+: Boulangerie: Baguette (Monoco Weapon)";"BP_Dialogue_Boulangerie#DebugMonoco";"Baguette (Monoco Weapon)";"Lumiere - Act 1";"0";"yes";"no";"FestivalToken";"New Game+ only";"high"
"Dialogue rewards";"Painting Workshop: Colour of the Beast: Colour of the Beast (Key Item)";"BP_Dialogue_CleaWorkshop_Path1#Quest_CleaWorkshop_Part1";"Colour of the Beast (Key Item)";"Painting Workshop";"3";"no";"yes";"";"Paths are independent";"low"
"Dialogue rewards";"Painting Workshop: Shape of the Beast: Shape of the Beast (Key Item)";"BP_Dialogue_CleaWorkshop_Path2#Quest_CleaWorkshop_Part2";"Shape of the Beast (Key Item)";"Painting Workshop";"3";"no";"yes";"";"Paths are independent";"low"
"Dialogue rewards";"Painting Workshop: Light of the Beast: Light of the Beast (Key Item)";"BP_Dialogue_CleaWorkshop_Path3#Quest_CleaWorkshop_Part3";"Light of the Beast (Key Item)";"Painting Workshop";"3";"no";"yes";"";"Paths are independent";"low"
"Dialogue rewards";"Dark Gestral Arena: Pots' Rewards: Combo Attack III (Pictos)";"BP_Dialogue_DarkGestralArena_Pots#ComboAttack3";"Combo Attack III (Pictos)";"Dark Gestral Arena";"2";"no";"yes";"";"";"low"
"Dialogue rewards";"Dark Gestral Arena: Pots' Rewards: Gestral White (Maelle Haircut)";"BP_Dialogue_DarkGestralArena_Pots#FaceMaelle_Gestral_WhiteVersion";"Gestral White (Maelle Haircut)";"Dark Gestral Arena";"2";"no";"yes";"";"";"low"
"Dialogue rewards";"Lumiere Act I: Eloise's Reward: Colour of Lumina (Upgrade Material)";"BP_Dialogue_Eloise#Consumable_LuminaPoint";"Colour of Lumina (Upgrade Material)";"Lumiere - Act 1";"0";"yes";"no";"";"";"high"
"Dialogue rewards";"Lumiere Act I: Maelle Duel Reward: Colour of Lumina (Upgrade Material)";"BP_Dialogue_Gardens_Maelle_FirstDuel#Consumable_LuminaPoint";"Colour of Lumina (Upgrade Material)";"Lumiere - Act 1";"0";"yes";"no";"";"";"high"
"Dialogue rewards";"Gestral Beach: Climb the Wall Reward: Swimsuit (Maelle Outfit)";"BP_Dialogue_GestralBeach_Climb_GrandisMain#SkinMaelle_Bikini";"Swimsuit (Maelle Outfit)";"Gestral Beach";"2";"no";"no";"";"Skill-based minigame (draft decision: no key items behind minigames)";"low"
"Dialogue rewards";"Gestral Beach: Gestral Ascension Reward: Swimsuit (Monoco Outfit)";"BP_Dialogue_GestralBeach_OnlyUp_Top#SkinMonoco_Bikini";"Swimsuit (Monoco Outfit)";"Gestral Beach";"2";"no";"no";"";"Skill-based minigame (draft decision: no key items behind minigames)";"low"
"Dialogue rewards";"Gestral Beach: Parkour Course Reward: Swimsuit I (Lune Outfit)";"BP_Dialogue_GestralBeach_WipeoutGestral2_End#SkinLune_BikiniA";"Swimsuit I (Lune Outfit)";"Gestral Beach";"2";"no";"no";"";"Skill-based minigame (draft decision: no key items behind minigames)";"low"
"Dialogue rewards";"Gestral Beach: Parkour Course Reward: Swimsuit (Gustave Outfit)";"BP_Dialogue_GestralBeach_WipeoutGestral2_End#SkinGustave_Bikini";"Swimsuit (Gustave Outfit)";"Gestral Beach";"2";"no";"no";"";"Skill-based minigame (draft decision: no key items behind minigames)";"low"
"Dialogue rewards";"Gestral Beach: Time Race Reward: Swimsuit II (Verso Outfit)";"BP_Dialogue_GestralRace#SkinVerso_BikiniB";"Swimsuit II (Verso Outfit)";"Gestral Beach";"2";"no";"no";"";"Skill-based minigame (draft decision: no key items behind minigames)";"low"
"Dialogue rewards";"Gestral Beach: Time Race Reward: Resplendent Chroma Catalyst (Upgrade Material)";"BP_Dialogue_GestralRace#UpgradeMaterial_Level3";"Resplendent Chroma Catalyst (Upgrade Material)";"Gestral Beach";"2";"no";"no";"";"Skill-based minigame (draft decision: no key items behind minigames)";"low"
"Dialogue rewards";"Gestral Beach: Time Race Reward: Grandiose Chroma Catalyst (Upgrade Material)";"BP_Dialogue_GestralRace#UpgradeMaterial_Level4";"Grandiose Chroma Catalyst (Upgrade Material)";"Gestral Beach";"2";"no";"no";"";"Skill-based minigame (draft decision: no key items behind minigames)";"low"
"Dialogue rewards";"The Carousel: Grandis's Gift: French Bob (Maelle Haircut)";"BP_Dialogue_Grandis_Carrousel#FaceMaelle_FrenchBob";"French Bob (Maelle Haircut)";"The Carousel";"2";"no";"yes";"";"";"low"
"Dialogue rewards";"Gestral Village: Tournament Rewards: Sakaram (Gustave Weapon)";"BP_Dialogue_GV_ArenaRegistrar#Sakaram";"Sakaram (Gustave Weapon)";"Gestral Village";"1";"no";"yes";"";"";"high"
"Dialogue rewards";"Gestral Village: Tournament Rewards: Sakaram (Gustave Weapon)";"BP_Dialogue_GV_ArenaRegistrar#Sakaram_1";"Sakaram (Gustave Weapon)";"Gestral Village";"1";"no";"yes";"";"";"high"
"Dialogue rewards";"Gestral Village: Tournament Rewards: Trebuchim (Lune Weapon)";"BP_Dialogue_GV_ArenaRegistrar#Trebuchim";"Trebuchim (Lune Weapon)";"Gestral Village";"1";"no";"yes";"";"";"high"
"Dialogue rewards";"Gestral Village: Tournament Rewards: Medalum (Maelle Weapon)";"BP_Dialogue_GV_ArenaRegistrar#Medalum";"Medalum (Maelle Weapon)";"Gestral Village";"1";"no";"yes";"";"";"high"
"Dialogue rewards";"Gestral Village: Tournament Rewards: Hevason (Sciel Weapon)";"BP_Dialogue_GV_ArenaRegistrar#Hevason";"Hevason (Sciel Weapon)";"Gestral Village";"1";"no";"yes";"";"";"high"
"Dialogue rewards";"Gestral Village: Tournament Rewards: Sidaro (Monoco Weapon)";"BP_Dialogue_GV_ArenaRegistrar#Sidaro";"Sidaro (Monoco Weapon)";"Gestral Village";"1";"no";"yes";"";"";"high"
"Dialogue rewards";"Gestral Village: Gestral Father's Reward: Sakapatate (Lune Outfit)";"BP_Dialogue_GV_Father#SkinLune_Potatoe_Bag";"Sakapatate (Lune Outfit)";"Gestral Village";"1";"no";"yes";"";"";"high"
"Dialogue rewards";"Gestral Village: Reward for Beating Eesda: Merchant_GestralVillage2 (Merchant Unlock)";"BP_Dialogue_GV_GestralBazar6#Merchant_GestralVillage2";"Merchant_GestralVillage2 (Merchant Unlock)";"Gestral Village";"1";"no";"yes";"";"";"high"
"Dialogue rewards";"Gestral Village: Reward for Beating Eesda: Merchant_GestralVillage2 (Merchant Unlock)";"BP_Dialogue_GV_GestralBazar6#Merchant_GestralVillage2_1";"Merchant_GestralVillage2 (Merchant Unlock)";"Gestral Village";"1";"no";"yes";"";"";"high"
"Dialogue rewards";"Gestral Village: Excalibur: Wooden Stick (Key Item)";"BP_Dialogue_GV_GestralBazar9#Quest_WoodenStick";"Wooden Stick (Key Item)";"Gestral Village";"1";"no";"yes";"";"";"high"
"Dialogue rewards";"Gestral Village: Gambler's Gift: Roulette (Pictos)";"BP_Dialogue_GV_GestralGambler#Roulette";"Roulette (Pictos)";"Gestral Village";"1";"no";"yes";"";"";"high"
"Dialogue rewards";"Gestral Village: Beating Golgra Reward: Sakaram (Gustave Weapon)";"BP_Dialogue_GV_Golgra#Sakaram";"Sakaram (Gustave Weapon)";"Gestral Village";"1";"no";"yes";"";"";"high"
"Dialogue rewards";"Gestral Village: Beating Golgra Reward: Sakaram (Gustave Weapon)";"BP_Dialogue_GV_Golgra#Sakaram_1";"Sakaram (Gustave Weapon)";"Gestral Village";"1";"no";"yes";"";"";"high"
"Dialogue rewards";"Gestral Village: Beating Golgra Reward: Trebuchim (Lune Weapon)";"BP_Dialogue_GV_Golgra#Trebuchim";"Trebuchim (Lune Weapon)";"Gestral Village";"1";"no";"yes";"";"";"high"
"Dialogue rewards";"Gestral Village: Beating Golgra Reward: Medalum (Maelle Weapon)";"BP_Dialogue_GV_Golgra#Medalum";"Medalum (Maelle Weapon)";"Gestral Village";"1";"no";"yes";"";"";"high"
"Dialogue rewards";"Gestral Village: Beating Golgra Reward: Hevason (Sciel Weapon)";"BP_Dialogue_GV_Golgra#Hevason";"Hevason (Sciel Weapon)";"Gestral Village";"1";"no";"yes";"";"";"high"
"Dialogue rewards";"Gestral Village: Beating Golgra Reward: Sidaro (Monoco Weapon)";"BP_Dialogue_GV_Golgra#Sidaro";"Sidaro (Monoco Weapon)";"Gestral Village";"1";"no";"yes";"";"";"high"
"Dialogue rewards";"Gestral Village: Beating Golgra Reward: Grandiose Chroma Catalyst (Upgrade Material)";"BP_Dialogue_GV_Golgra#UpgradeMaterial_Level4";"Grandiose Chroma Catalyst (Upgrade Material)";"Gestral Village";"1";"no";"yes";"";"";"high"
"Dialogue rewards";"Gestral Village: Journal Collection Reward: Colour of Lumina (Upgrade Material)";"BP_Dialogue_GV_JournalCollector#Consumable_LuminaPoint";"Colour of Lumina (Upgrade Material)";"Gestral Village";"1";"no";"yes";"";"";"high"
"Dialogue rewards";"Gestral Village: Journal Collection Reward: Colour of Lumina (Upgrade Material)";"BP_Dialogue_GV_JournalCollector#Consumable_LuminaPoint_1";"Colour of Lumina (Upgrade Material)";"Gestral Village";"1";"no";"yes";"";"";"high"
"Dialogue rewards";"Gestral Village: Journal Collection Reward: Colour of Lumina (Upgrade Material)";"BP_Dialogue_GV_JournalCollector#Consumable_LuminaPoint_2";"Colour of Lumina (Upgrade Material)";"Gestral Village";"1";"no";"yes";"";"";"high"
"Dialogue rewards";"Gestral Village: Journal Collection Reward: Colour of Lumina (Upgrade Material)";"BP_Dialogue_GV_JournalCollector#Consumable_LuminaPoint_3";"Colour of Lumina (Upgrade Material)";"Gestral Village";"1";"no";"yes";"";"";"high"
"Dialogue rewards";"Gestral Village: Journal Collection Reward: Colour of Lumina (Upgrade Material)";"BP_Dialogue_GV_JournalCollector#Consumable_LuminaPoint_4";"Colour of Lumina (Upgrade Material)";"Gestral Village";"1";"no";"yes";"";"";"high"
"Dialogue rewards";"Gestral Village: Karatom's Reward: Pure (Gustave Outfit)";"BP_Dialogue_GV_Karatot#SkinGustave_Pure";"Pure (Gustave Outfit)";"Gestral Village";"1";"no";"yes";"Quest_Mushroom";"";"high"
"Dialogue rewards";"Gestral Village: Ono Puncho's Reward: Sakapatate (Maelle Outfit)";"BP_Dialogue_GV_OnoPuncho#SkinMaelle_Potatoe_Bag";"Sakapatate (Maelle Outfit)";"Gestral Village";"1";"no";"yes";"";"";"high"
"Dialogue rewards";"Lumiere Act I: Hotel Door Reward: Colour of Lumina (Upgrade Material)";"BP_Dialogue_Harbour_HotelLove#Consumable_LuminaPoint";"Colour of Lumina (Upgrade Material)";"Lumiere - Act 1";"0";"yes";"no";"";"";"high"
"Dialogue rewards";"Stone Wave Cliffs: White Hexga's Reward: Recoat (Upgrade Material)";"BP_Dialogue_HexgaLuster#Consumable_Respec";"Recoat (Upgrade Material)";"Stone Wave Cliffs";"1";"no";"yes";"Quest_HexgaRock";"";"high"
"Dialogue rewards";"Hidden Gestral Arena: Prizes: Solo Fighter (Pictos)";"BP_Dialogue_HiddenArena_Keeper#SoloFighter";"Solo Fighter (Pictos)";"Hidden Gestral Arena";"2";"no";"yes";"";"";"low"
"Dialogue rewards";"Hidden Gestral Arena: Prizes: Last Stand Critical (Pictos)";"BP_Dialogue_HiddenArena_Keeper#LastStandCritical";"Last Stand Critical (Pictos)";"Hidden Gestral Arena";"2";"no";"yes";"";"";"low"
"Dialogue rewards";"Hidden Gestral Arena: Prizes: Accelerating Last Stand (Pictos)";"BP_Dialogue_HiddenArena_Keeper#LastStandSpeed";"Accelerating Last Stand (Pictos)";"Hidden Gestral Arena";"2";"no";"yes";"";"";"low"
"Dialogue rewards";"Hidden Gestral Arena: Prizes: Empowering Last Stand (Pictos)";"BP_Dialogue_HiddenArena_Keeper#LastStandPowerful";"Empowering Last Stand (Pictos)";"Hidden Gestral Arena";"2";"no";"yes";"";"";"low"
"Dialogue rewards";"Hidden Gestral Arena: Prizes: Protecting Last Stand (Pictos)";"BP_Dialogue_HiddenArena_Keeper#LastStandShell";"Protecting Last Stand (Pictos)";"Hidden Gestral Arena";"2";"no";"yes";"";"";"low"
"Dialogue rewards";"The Fountain: Blanche's Reward: Colour of Lumina (Upgrade Material)";"BP_Dialogue_JudgeOfMercy#Consumable_LuminaPoint";"Colour of Lumina (Upgrade Material)";"The Fountain";"3";"no";"yes";"";"";"low"
"Dialogue rewards";"Lumiere Act I: Jules' Gift to Gustave: Crimson Uniform (Gustave Outfit)";"BP_Dialogue_Jules#SkinGustave_Default_Red";"Crimson Uniform (Gustave Outfit)";"Lumiere - Act 1";"0";"yes";"no";"Quest_UniformForSon";"";"high"
"Dialogue rewards";"Lumiere Act I: Mime Loot Drop: Lumiere (Music Record)";"BP_Dialogue_LUAct1_Mime#MusicRecord_2";"Lumiere (Music Record)";"Lumiere - Act 1";"0";"yes";"no";"";"";"high"
"Dialogue rewards";"Lumiere Act I: Gift from Gustave's Apprentices: A journal from Gustave's apprentices (Key Item)";"BP_Dialogue_Lumiere_ExpFestival_Apprentices#Quest_ApprenticesJournal";"A journal from Gustave's apprentices (Key Item)";"Lumiere - Act 1";"0";"yes";"no";"";"";"high"
"Dialogue rewards";"Lumiere Act I: Maelle Festival Duel Reward: Festival Token (Key Item)";"BP_Dialogue_Lumiere_ExpFestival_Maelle#FestivalToken";"Festival Token (Key Item)";"Lumiere - Act 1";"0";"yes";"no";"";"";"high"
"Dialogue rewards";"Lumiere Act I: Colette's Artifact: Old Key (Key Item)";"BP_Dialogue_Lumiere_ExpFestival_Token_Artifact_Colette#Quest_OldKey";"Old Key (Key Item)";"Lumiere - Act 1";"0";"yes";"no";"FestivalToken";"";"high"
"Dialogue rewards";"Lumiere Act I: Amandine's Gorgeous Haircut: Bun (Gustave Haircut)";"BP_Dialogue_Lumiere_ExpFestival_Token_Haircut_Amandine#FaceGustave_Bun";"Bun (Gustave Haircut)";"Lumiere - Act 1";"0";"yes";"no";"FestivalToken";"";"high"
"Dialogue rewards";"Lumiere Act I: Tom's Personal Masterpiece: Weird Pictos (Key Item)";"BP_Dialogue_Lumiere_ExpFestival_Token_Pictos_Claude#Quest_WeirdPictos";"Weird Pictos (Key Item)";"Lumiere - Act 1";"0";"yes";"no";"FestivalToken";"";"high"
"Dialogue rewards";"The Camp: Lune's Music Record: Lune (Music Record)";"BP_Dialogue_LuneCamp_Quest_6#MusicRecord_5";"Lune (Music Record)";"Camp";"1";"no";"yes";"";"Relationship quest";"high"
"Dialogue rewards";"Lumiere Act I: Furniture Found Item: Colour of Lumina (Upgrade Material)";"BP_Dialogue_MainPlaza_Furnitures#Consumable_LuminaPoint";"Colour of Lumina (Upgrade Material)";"Lumiere - Act 1";"0";"yes";"no";"";"";"high"
"Dialogue rewards";"Lumiere Act I: Trash-can Man: Chroma Catalyst (Upgrade Material)";"BP_Dialogue_MainPlaza_Trashcan#UpgradeMaterial_Level1";"Chroma Catalyst (Upgrade Material)";"Lumiere - Act 1";"0";"yes";"no";"";"";"high"
"Dialogue rewards";"Lumiere Act I: Trash-can Man: Perfect Chroma Catalyst (Upgrade Material)";"BP_Dialogue_MainPlaza_Trashcan#UpgradeMaterial_Level5";"Perfect Chroma Catalyst (Upgrade Material)";"Lumiere - Act 1";"0";"yes";"no";"";"";"high"
"Dialogue rewards";"The Manor: Wardrobe: Skirt (Maelle Outfit)";"BP_Dialogue_Manor_Wardrobe#SkinMaelle_CivilianSkirt";"Skirt (Maelle Outfit)";"The Manor";"2";"no";"yes";"";"";"low"
"Dialogue rewards";"Sunless Cliffs: Mime's True Art Unreserved: Bald (Maelle Haircut)";"BP_Dialogue_MimeChromaZoneEntrance#FaceMaelle_Bald";"Bald (Maelle Haircut)";"Sunless Cliffs";"2";"no";"yes";"";"";"low"
"Dialogue rewards";"Sunless Cliffs: Mime's True Art Unreserved: Bald (Lune Haircut)";"BP_Dialogue_MimeChromaZoneEntrance#FaceLune_Bald";"Bald (Lune Haircut)";"Sunless Cliffs";"2";"no";"yes";"";"";"low"
"Dialogue rewards";"Sunless Cliffs: Mime's True Art Unreserved: Bald (Sciel Haircut)";"BP_Dialogue_MimeChromaZoneEntrance#FaceSciel_Bald";"Bald (Sciel Haircut)";"Sunless Cliffs";"2";"no";"yes";"";"";"low"
"Dialogue rewards";"Sunless Cliffs: Mime's True Art Unreserved: Bald (Verso Haircut)";"BP_Dialogue_MimeChromaZoneEntrance#FaceVerso_Bald";"Bald (Verso Haircut)";"Sunless Cliffs";"2";"no";"yes";"";"";"low"
"Dialogue rewards";"Sunless Cliffs: Mime's True Art Unreserved: Bald (Monoco Haircut)";"BP_Dialogue_MimeChromaZoneEntrance#FaceMonoco_Bald";"Bald (Monoco Haircut)";"Sunless Cliffs";"2";"no";"yes";"";"";"low"
"Dialogue rewards";"The Camp: Verso and Monoco's Haircuts: Viking (Monoco Haircut)";"BP_Dialogue_MonocoCamp_Quest_3#FaceMonoco_Viking";"Viking (Monoco Haircut)";"Camp";"1";"no";"yes";"";"Relationship quest";"high"
"Dialogue rewards";"The Camp: Verso and Monoco's Haircuts: Samurai (Verso Haircut)";"BP_Dialogue_MonocoCamp_Quest_3#FaceVerso_Samourai";"Samurai (Verso Haircut)";"Camp";"1";"no";"yes";"";"Relationship quest";"high"
"Dialogue rewards";"The Camp: Monoco's Music Record: Monoco (Music Record)";"BP_Dialogue_MonocoCamp_Quest_6#MusicRecord_7";"Monoco (Music Record)";"Camp";"1";"no";"yes";"";"Relationship quest";"high"
"Dialogue rewards";"Monoco's Station: Grandis Fashionista's Reward: Pure (Lune Outfit)";"BP_Dialogue_MS_Grandis_Fashionist_V2#SkinLune_Pure";"Pure (Lune Outfit)";"Monoco's Station";"2";"no";"yes";"";"";"medium"
"Dialogue rewards";"Monoco's Station: Grandis Fashionista's Reward: Pure (Sciel Outfit)";"BP_Dialogue_MS_Grandis_Fashionist_V2#SkinSciel_Pure";"Pure (Sciel Outfit)";"Monoco's Station";"2";"no";"yes";"";"";"medium"
"Dialogue rewards";"Monoco's Station: Grandis Fashionista's Reward: Pure (Maelle Outfit)";"BP_Dialogue_MS_Grandis_Fashionist_V2#SkinMaelle_Pure";"Pure (Maelle Outfit)";"Monoco's Station";"2";"no";"yes";"";"";"medium"
"Dialogue rewards";"Monoco's Station: Grandis's Gift: Recoat (Upgrade Material)";"BP_Dialogue_MS_Grandis_Grateful#Consumable_Respec";"Recoat (Upgrade Material)";"Monoco's Station";"2";"no";"yes";"";"";"medium"
"Dialogue rewards";"World Map Near Monoco's Station: Grandis's Reward: Colour of Lumina (Upgrade Material)";"BP_Dialogue_MS_Grandis_WM_GuideOldLumiere#Consumable_LuminaPoint";"Colour of Lumina (Upgrade Material)";"World Map";"1";"no";"yes";"";"";"medium"
"Dialogue rewards";"Lumiere Act I: Nicolas's Reward: Recoat (Upgrade Material)";"BP_Dialogue_Nicolas#Consumable_Respec";"Recoat (Upgrade Material)";"Lumiere - Act 1";"0";"yes";"no";"";"";"high"
"Dialogue rewards";"The Camp: Lost Gestrals Rewards: Pro Retreat (Pictos)";"BP_Dialogue_Quest_LostGestralChief#ProRetreat";"Pro Retreat (Pictos)";"Camp";"1";"no";"yes";"LostGestral";"Rewards need different numbers of Lost Gestrals";"high"
"Dialogue rewards";"The Camp: Lost Gestrals Rewards: Gestral (Maelle Haircut)";"BP_Dialogue_Quest_LostGestralChief#FaceMaelle_Gestral";"Gestral (Maelle Haircut)";"Camp";"1";"no";"yes";"LostGestral";"Rewards need different numbers of Lost Gestrals";"high"
"Dialogue rewards";"The Camp: Lost Gestrals Rewards: Gestral (Sciel Haircut)";"BP_Dialogue_Quest_LostGestralChief#FaceSciel_Gestral";"Gestral (Sciel Haircut)";"Camp";"1";"no";"yes";"LostGestral";"Rewards need different numbers of Lost Gestrals";"high"
"Dialogue rewards";"The Camp: Lost Gestrals Rewards: Gestral (Lune Haircut)";"BP_Dialogue_Quest_LostGestralChief#FaceLune_Gestral";"Gestral (Lune Haircut)";"Camp";"1";"no";"yes";"LostGestral";"Rewards need different numbers of Lost Gestrals";"high"
"Dialogue rewards";"The Camp: Lost Gestrals Rewards: Gestral (Verso Haircut)";"BP_Dialogue_Quest_LostGestralChief#FaceVerso_Gestral";"Gestral (Verso Haircut)";"Camp";"1";"no";"yes";"LostGestral";"Rewards need different numbers of Lost Gestrals";"high"
"Dialogue rewards";"The Camp: Lost Gestrals Rewards: Colour of Lumina (Upgrade Material)";"BP_Dialogue_Quest_LostGestralChief#Consumable_LuminaPoint";"Colour of Lumina (Upgrade Material)";"Camp";"1";"no";"yes";"LostGestral";"Rewards need different numbers of Lost Gestrals";"high"
"Dialogue rewards";"The Camp: Lost Gestrals Rewards: Colour of Lumina (Upgrade Material)";"BP_Dialogue_Quest_LostGestralChief#Consumable_LuminaPoint_6";"Colour of Lumina (Upgrade Material)";"Camp";"1";"no";"yes";"LostGestral";"Rewards need different numbers of Lost Gestrals";"high"
"Dialogue rewards";"The Camp: Lost Gestrals Rewards: Colour of Lumina (Upgrade Material)";"BP_Dialogue_Quest_LostGestralChief#Consumable_LuminaPoint_7";"Colour of Lumina (Upgrade Material)";"Camp";"1";"no";"yes";"LostGestral";"Rewards need different numbers of Lost Gestrals";"high"
"Dialogue rewards";"The Camp: Lost Gestrals Rewards: Colour of Lumina (Upgrade Material)";"BP_Dialogue_Quest_LostGestralChief#Consumable_LuminaPoint_8";"Colour of Lumina (Upgrade Material)";"Camp";"1";"no";"yes";"LostGestral";"Rewards need different numbers of Lost Gestrals";"high"
"Dialogue rewards";"Lumiere Act I: Richard's Gift to Jules: A uniform for Richard's son (Key Item)";"BP_Dialogue_Richard#Quest_UniformForSon";"A uniform for Richard's son (Key Item)";"Lumiere - Act 1";"0";"yes";"no";"";"";"high"
"Dialogue rewards";"The Camp: Sciel's Music Record: Swimsuit I (Sciel Outfit)";"BP_Dialogue_ScielCamp_Quest_6#SkinSciel_BikiniA";"Swimsuit I (Sciel Outfit)";"Camp";"1";"no";"yes";"";"Relationship quest";"high"
"Dialogue rewards";"The Camp: Sciel's Music Record: Swimsuit I (Verso Outfit)";"BP_Dialogue_ScielCamp_Quest_6#SkinVerso_BikiniA";"Swimsuit I (Verso Outfit)";"Camp";"1";"no";"yes";"";"Relationship quest";"high"
"Dialogue rewards";"The Camp: Sciel's Music Record: Sciel (Music Record)";"BP_Dialogue_ScielCamp_Quest_6#MusicRecord_6";"Sciel (Music Record)";"Camp";"1";"no";"yes";"";"Relationship quest";"high"
"Dialogue rewards";"Red Woods: Sleeping Benisseur's Drop: Recovery (Pictos)";"BP_Dialogue_SleepingBenisseur#Recovery";"Recovery (Pictos)";"Red Woods";"3";"no";"yes";"";"";"low"
"Dialogue rewards";"The Abyss: Simon Rematch Reward: Recoat (Upgrade Material)";"BP_Dialogue_TheAbyss_SimonP2Rematch#Consumable_Respec";"Recoat (Upgrade Material)";"The Abyss";"3";"no";"yes";"";"";"medium"
"Dialogue rewards";"Stone Quarry: White Troubadour's Reward: Healing Parry (Pictos)";"BP_Dialogue_TroubadourCantPlay#HealingParry";"Healing Parry (Pictos)";"Stone Quarry";"1";"no";"yes";"";"";"low"
"Dialogue rewards";"Gestral Beach: Volleyball Rewards: Swimsuit II (Sciel Outfit)";"BP_Dialogue_VolleyBall#SkinSciel_BikiniB";"Swimsuit II (Sciel Outfit)";"Gestral Beach";"2";"no";"no";"";"Skill-based minigame (draft decision: no key items behind minigames)";"low"
"Dialogue rewards";"Gestral Beach: Volleyball Rewards: Swimsuit II (Lune Outfit)";"BP_Dialogue_VolleyBall#SkinLune_BikiniB";"Swimsuit II (Lune Outfit)";"Gestral Beach";"2";"no";"no";"";"Skill-based minigame (draft decision: no key items behind minigames)";"low"
"Dialogue rewards";"Gestral Beach: Volleyball Rewards: Resplendent Chroma Catalyst (Upgrade Material)";"BP_Dialogue_VolleyBall#UpgradeMaterial_Level3";"Resplendent Chroma Catalyst (Upgrade Material)";"Gestral Beach";"2";"no";"no";"";"Skill-based minigame (draft decision: no key items behind minigames)";"low"
"Dialogue rewards";"Frozen Hearts: White Danseuse's Reward: Augmented Counter III (Pictos)";"BP_Dialog_DanseuseDanceClass#CounterUpdragdeC";"Augmented Counter III (Pictos)";"Frozen Hearts";"2";"no";"yes";"";"";"medium"
"Dialogue rewards";"Frozen Hearts: White Danseuse's Reward: Danseuse (Lune Outfit)";"BP_Dialog_DanseuseDanceClass#SkinLune_Danseuse";"Danseuse (Lune Outfit)";"Frozen Hearts";"2";"no";"yes";"";"";"medium"
"Dialogue rewards";"Flying Manor: Faceless Boy's Reward: Clea (Lune Outfit)";"BP_Dialog_FacelessBoy_CleasFlyingHouse_Main#SkinLune_Clea";"Clea (Lune Outfit)";"Flying Manor";"3";"no";"yes";"";"";"medium"
"Dialogue rewards";"Flying Manor: Faceless Boy's Reward: Clea (Maelle Outfit)";"BP_Dialog_FacelessBoy_CleasFlyingHouse_Main#SkinMaelle_Clea";"Clea (Maelle Outfit)";"Flying Manor";"3";"no";"yes";"";"";"medium"
"Dialogue rewards";"Flying Manor: Faceless Boy's Reward: Clea (Sciel Outfit)";"BP_Dialog_FacelessBoy_CleasFlyingHouse_Main#SkinSciel_Clea";"Clea (Sciel Outfit)";"Flying Manor";"3";"no";"yes";"";"";"medium"
"Dialogue rewards";"Falling Leaves: Faceless Boy's Reward: Until Next Life (Music Record)";"BP_Dialog_FacelessBoy_OrangeForest#MusicRecord_9";"Until Next Life (Music Record)";"Falling Leaves";"2";"no";"yes";"";"";"low"
"Dialogue rewards";"Flying Waters: White Demineur's Reward: Deminerim (Lune Weapon)";"BP_Dialog_Goblu_DemineurMissingMine#Deminerim";"Deminerim (Lune Weapon)";"Flying Waters";"1";"no";"yes";"Quest_Mine";"";"high"
"Dialogue rewards";"Flying Casino: Most Cultured Swine's Gift: 04_Key_Placeholder (Broken Key)";"BP_Dialog_GV_Gestral_FlyingCasino_InsideGuy#04_Key_Placeholder";"04_Key_Placeholder (Broken Key)";"Flying Casino";"2";"no";"yes";"";"";"low"
"Dialogue rewards";"Flying Casino: Most Cultured Swine's Gift: Lumiere (Monoco Outfit)";"BP_Dialog_GV_Gestral_FlyingCasino_InsideGuy#SkinMonoco_Lumiere";"Lumiere (Monoco Outfit)";"Flying Casino";"2";"no";"yes";"";"";"low"
"Dialogue rewards";"Sinister Cave: Dead Gestral's Loot: Corderon (Sciel Weapon)";"BP_Dialog_GV_Gestral_InvisibleCave#Corderon";"Corderon (Sciel Weapon)";"Sinister Cave";"2";"no";"yes";"";"";"low"
"Dialogue rewards";"Spring Meadows: White Jar's Reward: Healing Tint Shard (Upgrade Material)";"BP_Dialog_JarNeedLight#HealingTint_Shard";"Healing Tint Shard (Upgrade Material)";"Spring Meadows";"1";"no";"yes";"Quest_Resin";"";"high"
"Dialogue rewards";"Gestral Village: Weird Pictos Turn-In Reward: Augmented Aim (Pictos)";"BP_Dialog_Merchant_GV_GestralBazar1#AugmentedAim";"Augmented Aim (Pictos)";"Gestral Village";"1";"no";"yes";"Quest_WeirdPictos";"";"high"
"Dialogue rewards";"The Endless Tower: Clea's Gift to Maelle: Ponytail White (Maelle Haircut)";"BP_Dialog_SpiritClea_CleasTower#FaceMaelle_Default_WhiteVersion";"Ponytail White (Maelle Haircut)";"Endless Tower";"3";"no";"yes";"";"";"medium"
"Dialogue rewards";"Esoteric Ruins: White Portier's Reward: Protecting Heal (Pictos)";"BP_Dialog_SpiritPortier#ProtectingHeal";"Protecting Heal (Pictos)";"Esoteric Ruins";"2";"no";"yes";"Quest_WoodBoards";"";"low"
"Dialogue rewards";"Flying Cemetery: White Chalier's Reward: Auto Powerful (Pictos)";"BP_Dialog_WeaponlessChalier1#AutoPowerful";"Auto Powerful (Pictos)";"Flying Cemetery";"2";"no";"yes";"";"";"low"
"Cutscene rewards";"The Camp: Lune Relationship Level 4 Reward";"DA_GA_GRADIENT_Lune2#BP_GameAction_AddItemToInventory_C_0";"GradientUnlock_Lune2 (Skill Unlock)";"Camp";"1";"no";"yes";"";"Relationship level reward";"high"
"Cutscene rewards";"The Camp: Lune Relationship Level 7 Reward";"DA_GA_GRADIENT_Lune3#BP_GameAction_AddItemToInventory_C_0";"GradientUnlock_Lune3 (Skill Unlock)";"Camp";"1";"no";"yes";"";"Relationship level reward";"high"
"Cutscene rewards";"The Camp: Maelle Relationship Level 4 Reward";"DA_GA_GRADIENT_Maelle2#BP_GameAction_AddItemToInventory_C_0";"GradientUnlock_Maelle2 (Skill Unlock)";"Camp";"1";"no";"yes";"";"Relationship level reward";"high"
"Cutscene rewards";"The Camp: Maelle Relationship Level 7 Reward";"DA_GA_GRADIENT_Maelle3#BP_GameAction_AddItemToInventory_C_0";"GradientUnlock_Maelle3 (Skill Unlock)";"Camp";"1";"no";"yes";"";"Relationship level reward";"high"
"Cutscene rewards";"The Camp: Monoco Relationship Level 4 Reward";"DA_GA_GRADIENT_Monoco2#BP_GameAction_AddItemToInventory_C_0";"GradientUnlock_Monoco2 (Skill Unlock)";"Camp";"1";"no";"yes";"";"Relationship level reward";"high"
"Cutscene rewards";"The Camp: Monoco Relationship Level 7 Reward";"DA_GA_GRADIENT_Monoco3#BP_GameAction_AddItemToInventory_C_0";"GradientUnlock_Monoco3 (Skill Unlock)";"Camp";"1";"no";"yes";"";"Relationship level reward";"high"
"Cutscene rewards";"The Camp: Sciel Relationship Level 4 Reward";"DA_GA_GRADIENT_Sciel2#BP_GameAction_AddItemToInventory_C_0";"GradientUnlock_Sciel2 (Skill Unlock)";"Camp";"1";"no";"yes";"";"Relationship level reward";"high"
"Cutscene rewards";"The Camp: Sciel Relationship Level 7 Reward";"DA_GA_GRADIENT_Sciel3#BP_GameAction_AddItemToInventory_C_0";"GradientUnlock_Sciel3 (Skill Unlock)";"Camp";"1";"no";"yes";"";"Relationship level reward";"high"
"Cutscene rewards";"The Camp: Esquie Relationship Level 4 Reward";"DA_GA_GRADIENT_Verso2#BP_GameAction_AddItemToInventory_C_0";"GradientUnlock_Verso2 (Skill Unlock)";"Camp";"1";"no";"yes";"";"Relationship level reward";"high"
"Cutscene rewards";"The Camp: Esquie Relationship Level 7 Reward";"DA_GA_GRADIENT_Verso3#BP_GameAction_AddItemToInventory_C_0";"GradientUnlock_Verso3 (Skill Unlock)";"Camp";"1";"no";"yes";"";"Relationship level reward";"high"
"Cutscene rewards";"The Monolith: Gustave's Renoir Outfit";"DA_GA_SQT_BossMirrorRenoir#BP_GameAction_AddItemToInventory_C_0";"Renoir's Suit (Gustave Outfit)";"The Monolith";"2";"no";"yes";"";"Forced story cutscene: the reward can't be missed";"high"
"Cutscene rewards";"The Abyss: Simon's Rewards";"DA_GA_SQT_BossSimon#BP_GameAction_AddItemToInventory_C_0";"Perfect Chroma Catalyst (Upgrade Material)";"The Abyss";"3";"no";"yes";"";"";"medium"
"Cutscene rewards";"The Abyss: Simon's Rewards";"DA_GA_SQT_BossSimon#BP_GameAction_AddItemToInventory_C_1";"Simoso (Verso Weapon)";"The Abyss";"3";"no";"yes";"";"";"medium"
"Cutscene rewards";"The Abyss: Simon's Rewards";"DA_GA_SQT_BossSimon#BP_GameAction_AddItemToInventory_C_2";"Colour of Lumina (Upgrade Material)";"The Abyss";"3";"no";"yes";"";"";"medium"
"Cutscene rewards";"The Camp: Barrier Breaker";"DA_GA_SQT_CampAfterSecondAxonEntrance#BP_GameAction_AddItemToInventory_C_0";"Barrier Breaker (Maelle Weapon)";"Camp";"2";"no";"yes";"";"Forced story cutscene: the reward can't be missed";"high"
"Cutscene rewards";"The Camp: Lettre a Maelle";"DA_GA_SQT_CampAfterTheFirstAxonP2#BP_GameAction_AddItemToInventory_C_0";"Lettre a Maelle (Music Record)";"Camp";"2";"no";"yes";"";"Forced story cutscene: the reward can't be missed";"high"
"Cutscene rewards";"Monoco's Station: First Gradient Unlocks";"DA_GA_SQT_GradientTutorial#BP_GameAction_AddItemToInventory_C_0";"GradientUnlock_Lune1 (Skill Unlock), GradientUnlock_Maelle1 (Skill Unlock), GradientUnlock_Verso1 (Skill Unlock), GradientUnlock_Sciel1 (Skill Unlock), GradientUnlock_Monoco1 (Skill Unlock)";"Monoco's Station";"2";"no";"yes";"";"Forced story cutscene: the reward can't be missed";"medium"
"Cutscene rewards";"Lumiere Act III: Maelle's Real Me Outfits";"DA_GA_SQT_RedAndWhiteTree#BP_GameAction_AddItemToInventory_C_0";"Real Maelle (Maelle Outfit), Real Maelle (Maelle Haircut)";"Lumiere - Act 3";"3";"no";"yes";"";"Forced story cutscene: the reward can't be missed";"low"
"Cutscene rewards";"Lumiere Act I: The Gommage Sequence Items";"DA_GA_SQT_TheGommage#BP_GameAction_AddItemToInventory_C_0";"Expedition (Gustave Outfit)";"Lumiere - Act 1";"0";"yes";"no";"";"";"high"
"Cutscene rewards";"Lumiere Act I: The Gommage Sequence Items";"DA_GA_SQT_TheGommage#BP_GameAction_AddItemToInventory_C_1";"Festival Token (Key Item)";"Lumiere - Act 1";"0";"yes";"no";"";"";"high"
"Cutscene rewards";"Heart of the Canvas: A Life to Paint Outfits";"SA_GA_SQT_EpilogueWithMaelle#BP_GameAction_AddItemToInventory_C_0";"Expedition White (Gustave Haircut), Civilian (Gustave Outfit), Civilian (Sciel Outfit), Civilian (Lune Outfit)";"The Heart of the Canvas";"4";"yes";"no";"";"";"high"
"Cutscene rewards";"Heart of the Canvas: A Life to Love Outfits";"SA_GA_SQT_EpilogueWithVerso#BP_GameAction_AddItemToInventory_C_0";"Renoir (Gustave Outfit), Renoir (Verso Outfit), Renoir (Gustave Haircut), Renoir (Verso Haircut)";"The Heart of the Canvas";"4";"yes";"no";"";"";"high"
"Merchant inventories";"Fusoka (Flying Manor)";"DT_Merchant_CleaIsland#";"Stay Marked (Pictos), Accelerating Shots (Pictos), Empowering Parry (Pictos), Gradient Breaker (Pictos), Longer Burn (Pictos), Break Specialist (Pictos), Slowing Break (Pictos), Chroma Catalyst (Upgrade Material), Polished Chroma Catalyst (Upgrade Material), Resplendent Chroma Catalyst (Upgrade Material), Grandiose Chroma Catalyst (Upgrade Material), Colour of Lumina (Upgrade Material), Recoat (Upgrade Material), Martenon (Sciel Weapon), Sidaro (Monoco Weapon), Seashelum (Maelle Weapon), Elerim (Lune Weapon), Gesam (Gustave Weapon)";"Flying Manor";"3";"no";"yes";"";"Merchant stock: key items only replace unlocked items";"medium"
"Merchant inventories";"Bruler (Coastal Cave)";"DT_Merchant_CoastalCave_Bruler#";"Brulerum (Maelle Weapon), Cruleram (Gustave Weapon), Deminerim (Lune Weapon), Gobluson (Sciel Weapon), Bourgelon (Sciel Weapon)";"Coastal Cave";"1";"no";"yes";"";"Merchant stock: key items only replace unlocked items";"medium"
"Merchant inventories";"Cruler (Coastal Cave)";"DT_Merchant_CoastalCave_Cruler#";"Lanceram (Gustave Weapon), Lighterim (Lune Weapon), Seeram (Gustave Weapon)";"Coastal Cave";"1";"no";"yes";"";"Merchant stock: key items only replace unlocked items";"medium"
"Merchant inventories";"Verogo (Frozen Hearts)";"DT_Merchant_FH_Custo_Danseuse#";"Pelerin (Verso Outfit), Danseuse (Sciel Outfit)";"Frozen Hearts";"2";"no";"yes";"";"Merchant stock: key items only replace unlocked items";"medium"
"Merchant inventories";"Kasumi (Forgotten Battlefield)";"DT_Merchant_ForgottenBattlefield#";"Obscur (Maelle Outfit), Chroma Catalyst (Upgrade Material), Polished Chroma Catalyst (Upgrade Material), Colour of Lumina (Upgrade Material), Recoat (Upgrade Material), Inverted Affinity (Pictos), Benisim (Lune Weapon)";"Forgotten Battlefield";"2";"no";"yes";"";"Merchant stock: key items only replace unlocked items";"medium"
"Merchant inventories";"Jujubree (Gestral Village)";"DT_Merchant_GestralVillage1#";"Demonam (Gustave Weapon), Chroma Catalyst (Upgrade Material), Polished Chroma Catalyst (Upgrade Material), Colour of Lumina (Upgrade Material), Recoat (Upgrade Material), Critical Moment (Pictos)";"Gestral Village";"1";"no";"yes";"";"Merchant stock: key items only replace unlocked items";"high"
"Merchant inventories";"Eesda (Gestral Village)";"DT_Merchant_GestralVillage2#";"Sekarum (Maelle Weapon), Chroma Catalyst (Upgrade Material), Polished Chroma Catalyst (Upgrade Material), Colour of Lumina (Upgrade Material), Recoat (Upgrade Material), Healing Mark (Pictos)";"Gestral Village";"1";"no";"yes";"";"Merchant stock: key items only replace unlocked items";"high"
"Merchant inventories";"Gestral Merchant (Sacred River)";"DT_Merchant_GestralVillage3#";"Energising Parry (Pictos), Solidifying (Pictos), Double Burn (Pictos), Rewarding Mark (Pictos), Stun Boost (Pictos), Shield Affinity (Pictos), Glass Canon (Pictos), Empowering Attack (Pictos), Revive Tint Energy (Pictos), Burning Shots (Pictos), Critical Stun (Pictos), Energising Turn (Pictos)";"Sacred River";"3";"no";"yes";"";"Merchant stock: key items only replace unlocked items";"low"
"Merchant inventories";"Noco (Flying Waters)";"DT_Merchant_GoblusLair#";"Exposing Attack (Pictos), Chroma Catalyst (Upgrade Material), Colour of Lumina (Upgrade Material)";"Flying Waters";"1";"no";"yes";"";"Merchant stock: key items only replace unlocked items";"high"
"Merchant inventories";"Grandis (Monoco Station)";"DT_Merchant_GrandisStation#";"Survivor (Pictos), Energising Death (Pictos), Greater Rush (Pictos), Burning Shots (Pictos), Grandaro (Monoco Weapon), Cultam (Gustave Weapon), Coldum (Maelle Weapon), Chroma Catalyst (Upgrade Material), Polished Chroma Catalyst (Upgrade Material), Colour of Lumina (Upgrade Material), Recoat (Upgrade Material)";"Monoco's Station";"2";"no";"yes";"";"Merchant stock: key items only replace unlocked items / Locked stock is unlocked by giving Eternal Ice to Grandis";"medium"
"Merchant inventories";"Delsitra (Gestral Village)";"DT_Merchant_GV_1_CustoSuits_Guys#";"Sakapatate (Verso Outfit), Sakapatate (Gustave Outfit), Gestral (Gustave Haircut)";"Gestral Village";"1";"no";"yes";"";"Merchant stock: key items only replace unlocked items";"high"
"Merchant inventories";"Alexcyclo (Gestral Village)";"DT_Merchant_GV_1_CustoSuits_Ladies#";"Sakapatate (Sciel Outfit)";"Gestral Village";"1";"no";"yes";"";"Merchant stock: key items only replace unlocked items";"high"
"Merchant inventories";"Cribappa (Lumiere Act III)";"DT_Merchant_Lumiere#";"Full Strength (Pictos), Chroma Catalyst (Upgrade Material), Polished Chroma Catalyst (Upgrade Material), Resplendent Chroma Catalyst (Upgrade Material), Colour of Lumina (Upgrade Material), Recoat (Upgrade Material), Potierim (Lune Weapon), Volesterum (Maelle Weapon), Ballaro (Monoco Weapon), Gaulteram (Gustave Weapon), Sadon (Sciel Weapon)";"Lumiere - Act 3";"3";"yes";"no";"";"Merchant stock: key items only replace unlocked items";"low"
"Merchant inventories";"Melosh (The Monolith)";"DT_Merchant_MonocosMountain#";"Greater Defenceless (Pictos), Garganon (Sciel Weapon), Chroma Catalyst (Upgrade Material), Polished Chroma Catalyst (Upgrade Material), Resplendent Chroma Catalyst (Upgrade Material), Colour of Lumina (Upgrade Material), Recoat (Upgrade Material), Healing Tint Shard (Upgrade Material)";"Frozen Hearts";"2";"no";"yes";"";"Merchant stock: key items only replace unlocked items";"medium"
"Merchant inventories";"Mistra (The Monolith)";"DT_Merchant_Monolith#";"Energising Cleanse (Pictos), Chroma Catalyst (Upgrade Material), Polished Chroma Catalyst (Upgrade Material), Resplendent Chroma Catalyst (Upgrade Material), Colour of Lumina (Upgrade Material), Recoat (Upgrade Material), Fragaro (Monoco Weapon), Veremum (Maelle Weapon)";"The Monolith";"2";"no";"yes";"";"Merchant stock: key items only replace unlocked items";"high"
"Merchant inventories";"Mandelgo (Old Lumiere)";"DT_Merchant_OldLumiere#";"Algueron (Sciel Weapon), Chroma Catalyst (Upgrade Material), Polished Chroma Catalyst (Upgrade Material), Longer Powerful (Pictos), Colour of Lumina (Upgrade Material), Recoat (Upgrade Material), Healing Counter (Pictos), Revive Tint Shard (Upgrade Material)";"Old Lumiere";"2";"no";"yes";"";"Merchant stock: key items only replace unlocked items";"high"
"Merchant inventories";"Grour (Renoir's Drafts)";"DT_Merchant_Optional3#";"Energising Turn (Pictos), Energising Attack I (Pictos), Energising Parry (Pictos), Augmented First Strike (Pictos), Aegis Revival (Pictos), Augmented Counter I (Pictos), Solo Fighter (Pictos), Sweet Kill (Pictos), Painerim (Lune Weapon), Nosaram (Gustave Weapon), Chroma Catalyst (Upgrade Material), Polished Chroma Catalyst (Upgrade Material), Resplendent Chroma Catalyst (Upgrade Material), Grandiose Chroma Catalyst (Upgrade Material), Colour of Lumina (Upgrade Material), Recoat (Upgrade Material), Yeverum (Maelle Weapon), Chromaro (Monoco Weapon), Charnon (Sciel Weapon)";"Renoir's Drafts";"3";"no";"yes";"";"Merchant stock: key items only replace unlocked items";"medium"
"Merchant inventories";"Persik (Falling Leaves)";"DT_Merchant_OrangeForest#";"Direton (Sciel Weapon), Chroma Catalyst (Upgrade Material), Polished Chroma Catalyst (Upgrade Material), Resplendent Chroma Catalyst (Upgrade Material), Colour of Lumina (Upgrade Material), Recoat (Upgrade Material), Beneficial Contamination (Pictos)";"Falling Leaves";"2";"no";"yes";"";"Merchant stock: key items only replace unlocked items";"low"
"Merchant inventories";"Eragol (The Reacher)";"DT_Merchant_Reacher#";"Tireso (Verso Weapon), Chroma Catalyst (Upgrade Material), Polished Chroma Catalyst (Upgrade Material), Resplendent Chroma Catalyst (Upgrade Material), Recoat (Upgrade Material), Anti-Blight (Pictos), Exposing Break (Pictos), Charging Weakness (Pictos), Tainted (Pictos), Protecting Heal (Pictos)";"The Reacher";"3";"no";"yes";"";"Merchant stock: key items only replace unlocked items";"medium"
"Merchant inventories";"Jerijeri (Stone Wave Cliffs)";"DT_Merchant_SeaCliff#";"Rangeson (Sciel Weapon), Chroma Catalyst (Upgrade Material), Polished Chroma Catalyst (Upgrade Material), Colour of Lumina (Upgrade Material), Recoat (Upgrade Material), Ponytail (Sciel Haircut)";"Stone Wave Cliffs";"1";"no";"yes";"";"Merchant stock: key items only replace unlocked items";"high"
"Merchant inventories";"Klaudiso (Sirene)";"DT_Merchant_Sirene#";"Chantenum (Maelle Weapon), Chroma Catalyst (Upgrade Material), Polished Chroma Catalyst (Upgrade Material), Resplendent Chroma Catalyst (Upgrade Material), Colour of Lumina (Upgrade Material), Recoat (Upgrade Material), Double Mark (Pictos), Energising Attack II (Pictos), Greater Powerful (Pictos)";"Sirene";"2";"no";"yes";"";"Merchant stock: key items only replace unlocked items";"high"
"Merchant inventories";"Anthonypo (Endless Night Sanctuary)";"DT_Merchant_TwilightSanctuary#";"Critical Burn (Pictos), Marking Break (Pictos), Shell On Rush (Pictos), Guleson (Sciel Weapon), Chroma Catalyst (Upgrade Material), Polished Chroma Catalyst (Upgrade Material), Resplendent Chroma Catalyst (Upgrade Material), Grandiose Chroma Catalyst (Upgrade Material), Powerful Heal (Pictos), Powerful Shield (Pictos), Protecting Attack (Pictos), Charging Mark (Pictos), Accelerating Tint (Pictos), Versatile (Pictos), Civilian (Monoco Outfit)";"Endless Night Sanctuary";"2";"no";"yes";"";"Merchant stock: key items only replace unlocked items";"low"
"Merchant inventories";"Blooraga (Visages)";"DT_Merchant_Visages#";"Sadon (Sciel Weapon), Chroma Catalyst (Upgrade Material), Polished Chroma Catalyst (Upgrade Material), Resplendent Chroma Catalyst (Upgrade Material), Colour of Lumina (Upgrade Material), Recoat (Upgrade Material), Healing Share (Pictos)";"Visages";"2";"no";"yes";"";"Merchant stock: key items only replace unlocked items";"high"
"Merchant inventories";"Appla (World Map)";"DT_Merchant_WM_1#";"Braid (Lune Haircut), Short Curly (Sciel Haircut)";"World Map";"1";"no";"yes";"";"Merchant stock: key items only replace unlocked items";"medium"
"Merchant inventories";"Carnovi (World Map)";"DT_Merchant_WM_10#";"Skirt (Sciel Outfit)";"World Map";"1";"no";"yes";"";"Merchant stock: key items only replace unlocked items";"medium"
"Merchant inventories";"Blabary (World Map)";"DT_Merchant_WM_11#";"Artist (Sciel Haircut), Artist (Maelle Haircut), Artist (Lune Haircut), Goblu (Music Record)";"World Map";"1";"no";"yes";"";"Merchant stock: key items only replace unlocked items";"medium"
"Merchant inventories";"Geranjo (World Map)";"DT_Merchant_WM_12#";"Skirt (Lune Outfit), Vintage (Maelle Haircut), Civilian (Maelle Outfit)";"World Map";"1";"no";"yes";"";"Merchant stock: key items only replace unlocked items";"medium"
"Merchant inventories";"Granasori (World Map)";"DT_Merchant_WM_13#";"Pure (Verso Outfit), Double Braid (Lune Haircut)";"World Map";"1";"no";"yes";"";"Merchant stock: key items only replace unlocked items";"medium"
"Merchant inventories";"Lucaroparfe (World Map)";"DT_Merchant_WM_14#";"Pure (Monoco Outfit), Pure (Monoco Haircut)";"World Map";"1";"no";"yes";"";"Merchant stock: key items only replace unlocked items";"medium"
"Merchant inventories";"Jumeliba (World Map)";"DT_Merchant_WM_15#";"Charming (Gustave Haircut), Curly (Gustave Haircut)";"World Map";"1";"no";"yes";"";"Merchant stock: key items only replace unlocked items";"medium"
"Merchant inventories";"Rubiju (World Map)";"DT_Merchant_WM_16#";"Linen and Cotton (Music Record), Simple (Verso Outfit)";"World Map";"1";"no";"yes";"";"Merchant stock: key items only replace unlocked items";"medium"
"Merchant inventories";"Citrelo (World Map)";"DT_Merchant_WM_17#";"Children of Lumiere (Music Record)";"World Map";"1";"no";"yes";"";"Merchant stock: key items only replace unlocked items";"medium"
"Merchant inventories";"Colaro (World Map)";"DT_Merchant_WM_2#";"Vintage (Sciel Haircut), Double Braid (Maelle Haircut)";"World Map";"1";"no";"yes";"";"Merchant stock: key items only replace unlocked items";"medium"
"Merchant inventories";"Carrabi (World Map)";"DT_Merchant_WM_3_GustaveSuit#";"Lumiere Suit (Gustave Outfit), Lumiere (Maelle Outfit), Short (Gustave Haircut)";"World Map";"1";"no";"yes";"";"Merchant stock: key items only replace unlocked items";"medium"
"Merchant inventories";"Strabami (World Map)";"DT_Merchant_WM_4#";"French Bob (Lune Haircut), Lost Voice (Music Record)";"World Map";"1";"no";"yes";"";"Merchant stock: key items only replace unlocked items";"medium"
"Merchant inventories";"Pecha (World Map)";"DT_Merchant_WM_5#";"Plunging Bob (Sciel Haircut), French Bob (Sciel Haircut)";"World Map";"1";"no";"yes";"";"Merchant stock: key items only replace unlocked items";"medium"
"Merchant inventories";"Blakora (World Map)";"DT_Merchant_WM_6#";"Bun (Verso Haircut), Ponytail (Lune Haircut)";"World Map";"1";"no";"yes";"";"Merchant stock: key items only replace unlocked items";"medium"
"Merchant inventories";"Papasso (World Map)";"DT_Merchant_WM_7#";"Messy Bun (Maelle Haircut), Messy Bun (Lune Haircut), Short (Sciel Haircut), Gustave's Haircut (Verso Haircut)";"World Map";"1";"no";"yes";"";"Merchant stock: key items only replace unlocked items";"medium"
"Merchant inventories";"Rederi (World Map)";"DT_Merchant_WM_8#";"Rebellious (Sciel Haircut), Half Ponytail (Lune Haircut), Robe de Jour (Music Record)";"World Map";"1";"no";"yes";"";"Merchant stock: key items only replace unlocked items";"medium"
"Merchant inventories";"Sodasso (World Map)";"DT_Merchant_WM_9#";"Curly (Verso Haircut), Short White (Maelle Haircut), Double Braid (Sciel Haircut)";"World Map";"1";"no";"yes";"";"Merchant stock: key items only replace unlocked items";"medium"
"Merchant inventories";"Pearo (World Map)";"DT_Merchant_WM_9_Sirene#";"Sirene (Sciel Outfit)";"World Map";"1";"no";"yes";"";"Merchant stock: key items only replace unlocked items";"medium"
"Merchant inventories";"Pinabby (Yellow Harvest)";"DT_Merchant_YellowForest#";"Teamwork (Pictos), Chroma Catalyst (Upgrade Material), Polished Chroma Catalyst (Upgrade Material), Colour of Lumina (Upgrade Material), Recoat (Upgrade Material), Auto Death (Pictos), Wavy (Lune Haircut)";"Yellow Harvest";"1";"no";"yes";"";"Merchant stock: key items only replace unlocked items";"low"
